RazaoSocial,UF,TotalDespesas,MediaPorTrimestre,DesvioPadrao,QtdRegistros
BRADESCO SAÃDE S.A.,RJ,504673866637.45,1722436404.9059727,4334195079.113148,293
SUL AMERICA COMPANHIA DE SEGURO SAÃDE,RJ,383962367363.24,788423752.2859137,2354990320.840089,487
AMIL ASSISTÃNCIA MÃDICA INTERNACIONAL S.A.,SP,296933940849.29,592682516.6652495,2040609024.97096,501
NOTRE DAME INTERMÃDICA SAÃDE S.A.,SP,136542993414.46,356509121.18657964,1058110039.5499115,383
HAPVIDA ASSISTENCIA MEDICA S.A.,CE,135370490802.23,236661697.2066958,888375184.8020953,572
UNIMED NACIONAL - COOPERATIVA CENTRAL,SP,101148100717.0,227299102.73483145,642434900.8562135,445
CAIXA DE ASSISTÃNCIA DOS FUNCIONÃRIOS DO BANCO DO BRASIL,DF,98459888791.37,482646513.68318623,1217135145.4730117,204
PORTO SEGURO - SEGURO SAÃDE S/A,SP,79469500724.42,254709938.21929488,709032710.2372563,312
UNIMED BELO HORIZONTE COOPERATIVA DE TRABALHO MÃDICO,MG,74165935217.98,124023303.04010032,476701412.41664195,598
GEAP AUTOGESTÃO EM SAÃDE,DF,68361424396.6,260921467.16259542,621893811.1972673,262
UNIMED SEGUROS SAÃDE S/A,SP,68033448347.82,191105191.98825842,576907080.9052523,356
PREVENT SENIOR PRIVATE OPERADORA DE SAÃDE LTDA,SP,67371029256.26,471126078.71510494,994197827.0495914,143
UNIMED DO EST. DO RJ FEDERAÃÃO EST. DAS COOPERATIVAS MÃDICAS,RJ,64505190906.74,352487382.0040437,688761248.7070712,183
UNIMED PORTO ALEGRE - COOPERATIVA MÃDICA LTDA.,RS,47407292514.95,110506509.3588578,357468927.32314324,429
UNIMED CURITIBA - SOCIEDADE COOPERATIVA DE MÃDICOS,PR,44502369081.17,97379363.4161269,305904212.0812804,457
UNIMED DE CIANORTE - COOPERATIVA DE TRABALHO MEDICO ,PR,43425269295.869995,200116448.3680645,1666467050.5373652,217
UNIMED CAMPINAS - COOPERATIVA DE TRABALHO MÃDICO,SP,39216858235.3,84519091.02435346,295655209.94462067,464
UNIMED DE FORTALEZA SOCIEDADE COOPERATIVA MÃDICA LTDA.,CE,32723373268.58,77912793.49661905,255352403.16445652,420
UNIMED GOIANIA COOPERATIVA DE TRABALHO MÃDICO,GO,32141882164.84,107139607.21613334,292713611.61881423,300
CARE PLUS MEDICINA ASSISTENCIAL LTDA.,SP,29629661102.13,259909307.91342106,455896100.2581,114
OMINT SERVIÃOS DE SAÃDE S.A.,SP,29412173341.87,125158184.43348935,337544921.96372926,235
GRUPO HOSPITALAR DO RIO DE JANEIRO LTDA,RJ,27878888118.58,105601848.93401515,275897253.0279722,264
FUNDAÃÃO SAÃDE ITAÃ,MG,27664673798.0,197604812.84285715,347253034.7512811,140
SERV  SOCIAL AUTÃNOMO DE ASSIST Ã SAÃDE DOS SERV PÃBLICOS E MILITARES DE GOIÃS,GO,25875560909.23,200585743.4824031,466862569.8041627,129
UNIMED VITORIA COOPERATIVA DE TRABALHO MEDICO,ES,24346396807.46,57692883.43,182403234.18843585,422
SAMEDIL SERVIÃOS DE ATENDIMENTO MÃDICO S/A,ES,21698331824.3,151736586.1839161,295264210.032222,143
UNIMED RECIFE COOPERATIVA DE TRABALHO MÃDICO,PE,19984654824.36,93386237.49700935,196786214.9418644,214
FUNDAÃÃO CESP,SP,19911468574.56,107050906.31483872,223213407.53655416,186
UNIMED BELÃM COOPERATIVA DE TRABALHO MÃDICO,PA,19360234865.07,73894026.20255725,192961887.67028952,262
UNIMED DO ESTADO DE SÃO PAULO - FEDERAÃÃO ESTADUAL DAS COOP. MÃDICAS,SP,18554953082.97,65565205.240176685,174275416.75657755,283
FUNDAÃÃO ASSISTENCIAL DOS SERVIDORES DO MINISTÃRIO DA FAZENDA,DF,17336632098.96,100794372.6683721,228407204.87898204,172
UNIMED CUIABA COOPERATIVA DE TRABALHO MÃDICO,MT,17270219634.74,32770815.246185962,117441401.0177565,527
UNIMED GRANDE FLORIANÃPOLIS-COOPERATIVA DE TRABALHO MEDICO,SC,17162310419.78,33389708.987898834,107575415.87799676,514
UNIMED SAO JOSÃ DO RIO PRETO - COOP. DE TRABALHO MÃDICO,SP,16856068039.07,48160194.39734285,135992470.80502316,350
BRADESCO SAÃDE - OPERADORA DE PLANOS  S/A,SP,16664902174.13,277748369.5688333,526040626.64330465,60
UNIMED FRANCISCO BELTRAO COOPERATIVA DE TRABALHO MEDICO,PR,16404915355.77,67509939.73567902,610103768.6083993,243
SUL AMÃRICA PARANÃ CLÃNICAS SERVIÃOS DE SAÃDE S.A.,SP,15200711554.890001,55884968.95180148,289996910.87106603,272
UNIMED NATAL SOC. COOP. DE TRAB. MÃDICO,RN,14625054926.53,45560918.77423676,126031443.26085292,321
NOTRE DAME INTERMÃDICA MINAS GERAIS SAÃDE S.A.,CE,13421510427.68,34326113.62578005,96850360.94401897,391
UNIMED-SÃO GONÃALO - NITERÃI - SOC.COOP.SERV.MED E HOSP LTDA,RJ,12999009617.43,39390938.23463637,95899623.58642119,330
UNIMED DE LONDRINA COOPERATIVA DE TRABALHO MÃDICO,PR,12830052821.23,37188558.90211594,105104847.49201092,345
UNIMED SOROCABA COOPERATIVA DE TRABALHO MÃDICO,SP,12827971353.35,59943791.37079439,138266974.33522293,214
ODONTOPREV S/A,SP,12788212994.67,80938056.92829114,205015061.921948,158
HUMANA SAÃDE NORDESTE LTDA. ,PI,12787820880.08,32958301.23731959,99188410.8361865,388
UNIMED SERRA GAUCHA/RS COOPERATIVA DE ASSISTENCIA A SAUDE LTDA,RS,12589239466.29,35764884.84741478,109707148.91519557,352
UNIMED MACEIO COOPERATIVA DE TRABALHO MÃDICO,AL,12391396797.8,34807294.3758427,105691990.93240063,356
CAIXA BENEFICENTE DOS FUNCIONARIOS DO BANCO DO ESTADO DE SÃO PAULO,SP,12371662996.07,44502384.87794964,124829081.71657708,278
UNIMED JOAO PESSOA - COOPERATIVA DE TRABALHO MÃDICO,PB,12288734081.86,61752432.57216081,158552859.78404438,199
CAIXA DE ASSISTENCIA DOS SERVIDORES DO ESTADO DE MATO GROSSO DO SUL,MS,11581572291.7,91193482.61181103,179108852.35387057,127
UNIMED CAMPO GRANDE MS COOPERATIVA DE TRABALHO MÃDICO,MS,11326309931.0,34850184.403076924,91026027.30533485,325
ASSOCIAÃÃO PETROBRAS DE SAÃDE - APS,RJ,11045328647.85,131492007.7125,501615485.77930385,84
UNIMED DE RIBEIRAO PRETO - COOPERATIVA DE TRABALHO MÃDICO,SP,10739297876.1,39628405.44686347,95934947.28966498,271
UNIMED DE SANTOS COOP DE TRAB MEDICO,SP,10723755214.76,29871184.442228414,90201583.58515066,359
UNIMED REGIONAL MARINGÃ COOP.DE TRABALHO MÃDICO,PR,10526258107.45,26581459.86729798,80167943.41019912,396
SANTA HELENA ASSISTÃNCIA MÃDICA S/A.,SP,10431277736.7,47200351.749773756,108397920.21987,221
SAMP ESPIRITO SANTO ASSISTENCIA MEDICA SA,ES,10215631261.23,27387751.37058981,84382306.7216482,373
POSTAL SAÃDE CAIXA DE ASSISTÃNCIA E SAÃDE DOS EMPREGADOS DOS CORREIOS,DF,9983475149.55,82508059.08719008,217661278.63463488,121
UNIMED UBERLÃNDIA COOPERATIVA REGIONAL TRABALHO MÃDICO LTDA,MG,9772391088.78,27683827.446968842,74928708.6174033,353
CLINIPAM CLINICA PARANAENSE DE ASSISTENCIA MEDICA LTDA,CE,9748877599.78,27695674.999375,76077611.41007315,352
CENTRO TRASMONTANO DE SAO PAULO,SP,9662264230.01,70527476.13145986,136358222.08685556,137
UNIMED BLUMENAU - COOPERATIVA DE TRABALHO MEDICO,SC,9134878604.7,22555255.814074077,68434932.06373101,405
UNIMED DO ESTADO DO PARANÃ FEDERAÃÃO ESTADUAL DAS COOPERATIVAS MÃDICAS,PR,9078381254.77,17941464.930375494,65435722.61873383,506
FUNDAÃÃO SÃO FRANCISCO XAVIER,MG,8894289461.11,28971626.909153096,78395408.96032599,307
UNIMED DO ESTADO DE SANTA CATARINA FED. EST. DAS COOP. MÃD.,SC,8736136869.55,17975590.266563784,58016871.56173746,486
ASSOCIAÃÃO DE BENEFICÃNCIA E FILANTROPIA SÃO CRISTOVÃO,SP,8317236985.25,37978251.07420091,99322621.05611387,219
UNIMED DIVINOPOLIS - COOPERATIVA DE TRABALHO MEDICO LTDA,MG,8269618801.14,19010617.933655173,58662424.752435654,435
UNIMED SAO JOSE DOS CAMPOS - COOPERATIVA DE TRABALHO MEDICO,SP,8181153704.03,21643263.767275132,64316204.78778955,378
H.B. SAÃDE S/A.,SP,7936016779.46,45348667.3112,124713862.6415034,175
UNIMED DE PIRACICABA SOCIEDADE COOPERATIVA DE SERVIÃOS MÃDICOS,SP,7766261837.85,15227964.387941178,52401396.26134369,510
UNIMED - COOPERATIVA DE SERVIÃOS DE SAÃDE DOS VALES DO TAQUARI E RIO PARDO LTDA.,RS,7537669449.93,21474841.737692308,59082472.62776175,351
UNIMED DE JOINVILLE COOPERATIVA DE TRABALHO MÃDICO,SC,7502514302.8,28526670.35285171,70924478.60259892,263
CEMIG SAÃDE,MG,7498702441.7,43095991.04425287,98067554.63054332,174
UNIMED DE BAURU COOPERATIVA DE TRABALHO MÃDICO,SP,7248509673.22,12306468.036027165,42337113.80709837,589
UNIMED LITORAL COOPERATIVA DE TRABALHO MÃDICO LTDA,SC,7182437873.21,22445118.35378125,60619911.94658547,320
UNIMED JUIZ DE FORA COOPERATIVA DE TRABALHO MÃDICO LTDA,MG,7094559707.93,15224377.055643778,48326734.91351852,466
UNIMED SERGIPE - COOPERATIVA DE TRABALHO MÃDICO,SE,7086797250.89,19576787.985883977,58830735.669809826,362
UNIMED DE CASCAVEL COOPERATIVA DE TRABALHO MÃDICO,PR,6972475788.61,19640776.869323943,55343996.0030457,355
UNIMED TERESINA - COOPERATIVA DE TRABALHO MÃDICO,PI,6851388116.8,25952227.715151515,67817612.14114404,264
SINDIFISCO NACIONAL - SINDICATO NACIONAL DOS AUDITORES-FISCAIS DA RECEITA FEDERAL DO BRASIL,DF,6795607545.28,36146848.64510638,80269271.8407269,188
PASA - PLANO DE ASSISTENCIA A SAUDE DO APOSENTADO DA VALE,RJ,6573046357.75,34234616.446614586,83609541.43442655,192
UNIMED SÃO CARLOS - COOPERATIVA DE TRABALHO MÃDICO,SP,6022422909.41,20346023.34260135,56879107.94772418,296
CAIXA DE ASSISTÃNCIA DOS FUNCIONÃRIOS DO BANCO DO NORDESTE DO BRASIL,CE,5881986588.25,25136694.821581196,62374353.30816534,234
UNIMED DE PRESIDENTE PRUDENTE COOPERATIVA DE TRAB. MÃDICO,SP,5857836524.74,15136528.487700257,46904353.231497765,387
ASSOCIAÃÃO SANTA CASA SAÃDE DE SÃO JOSÃ DOS CAMPOS,SP,5784037985.36,36377597.39220125,89233523.3688859,159
PLANO HOSPITAL SAMARITANO LTDA,SP,5729847328.14,44417421.1483721,95698227.7886879,129
ALICE OPERADORA LTDA.,SP,5650606789.79,37670711.931933336,67322750.95791283,150
UNIMED DE MACAÃ COOPERATIVA DE ASSISTÃNCIA Ã SAÃDE,RJ,5643572563.53,17311572.28076687,45158156.79766831,326
INSTITUTO CURITIBA DE SAÃDE,PR,5449091870.88,43944289.28129032,88304599.7699716,124
UNIMED JUNDIAI - COOPERATIVA DE TRABALHO MÃDICO,SP,5447396699.38,16116558.282189349,48099375.733600594,338
UNIMED NORTE DO MATO GROSSO COOPERATIVA DE TRABALHO MÃDICO,MT,5419758082.73,20686099.55240458,54852566.34659464,262
UNIMED DE VOLTA REDONDA COOPERATIVA DE TRABALHO MÃDICO,RJ,5414962240.15,18999867.509298243,49790203.87718681,285
CENTRO CLÃNICO GAÃCHO LTDA,CE,5373000097.940001,16481595.392453989,42329436.050660506,326
HUMANA SAÃDE LTDA.,PR,5317214197.9800005,14688437.010994477,41408302.46326339,362
UNIMED VALE DO SINOS - COOPERATIVA DE ASSISTÃNCIA Ã SAÃDE LTDA,RS,5276117942.41,16643905.181104101,47923157.083991714,317
UNIMED CARUARU-COOPERATIVA DE TRABALHO MEDICO,PE,5150082006.76,20117507.83890625,48618535.314133294,256
UNIMED NOVA IGUACU COOPERATIVA DE TRABALHO MEDICO,RJ,5108021994.0,23539271.86175115,52585108.67798757,217
UNIMED SUL CAPIXABA COOPERATIVA DE TRABALHO MÃDICO,ES,5088574943.43,16001807.998207549,45303382.504201084,318
UNIMED UBERABA COOPERATIVA DE TRABALHO MEDICO LTDA.,MG,5066587898.34,15079130.649821429,41705030.522145174,336
LEVE SAUDE OPERADORA DE PLANOS DE SAUDE S.A,RJ,5048361336.46,18357677.587127272,50074329.995905995,275
UNIMED NOVA FRIBURGO-SOC.COOP.SERV.MED.HOSP.LTDA.,RJ,5004096015.82,15886019.097841268,40279570.826448224,315
ITAUSEG SAÃDE S.A.,SP,4833085384.82,53110828.40461538,82742764.07433854,91
UNIMED DE SANTA BÃRBARA D'OESTE E AMERICANA - COOP DE TRABALHO MÃDICO,SP,4784534988.17,12691074.239177719,37425435.209030546,377
UNIMED DE MARILIA COOPERATIVA DE TRABALHO MÃDICO,SP,4696022940.76,9244139.647165354,32760856.631640185,508
UNIMED PONTA GROSSA COOPERATIVA DE TRABALHO MEDICO,PR,4671161336.2,15727815.946801346,38671622.544715434,297
UNIMED VALE DO SÃO FRANCISCO COOPERATIVA DE TRABALHO MÃDICO,PE,4620888117.17,16156951.458636364,43527832.55915571,286
METRUS INSTITUTO DE SEGURIDADE SOCIAL,SP,4618392883.09,21480897.130651165,53787681.3985399,215
SOBAM CENTRO MÃDICO HOSPITALAR S.A.,SP,4543538842.900001,21431786.994811323,59055099.92488997,212
SAMEL PLANO DE SAÃDE LTDA,AM,4513153687.43,43817026.0915534,86068716.13474156,103
QUALLITY PRÃ SAÃDE PLANO DE ASSISTÃNCIA MÃDICA LTDA.,DF,4478145706.38,19555221.425240174,51860655.55141237,229
UNIMED REGIONAL DA BAIXA MOGIANA - COOPERATIVA DE TRABALHO MÃDICO,SP,4363567599.29,13064573.650568862,40721852.2104193,334
UNIMED DE ARARAQUARA - COOP. DE TRAB. MÃDICO,SP,4318434377.78,20662365.443923444,46204131.18534522,209
UNIMED FRANCA - SOCIEDADE COOPERATIVA DE SERVIÃOS MÃDICOS E HOSPITALARES,SP,4292394131.18,9152226.29249467,32896469.32960826,469
MEDISERVICE OPERADORA DE PLANOS DE SAÃDE S.A.,SP,4262870638.43,43498679.98397959,77449612.25705107,98
COOPERATIVA CENTRAL UNIMED DE COOPERATIVAS DE ASSISTÃNCIA Ã SAÃDE DO RIO GRANDE DO SUL LTDA.,RS,4214097513.38,9962405.46898345,32207263.896450255,423
FUNDAÃÃO COPEL DE PREVIDÃNCIA E ASSISTÃNCIA SOCIAL,PR,4201537009.96,18267552.217217393,47738511.09480986,230
DOCTOR CLIN OPERADORA DE PLANOS DE SAÃDE LTDA.,RS,4199168817.67,19262242.28288991,55461473.32193927,218
REAL GRANDEZA - FUNDAÃÃO DE PREVIDÃNCIA E ASSISTÃNCIA SOCIAL,RJ,4169057947.16,14577125.689370628,39773810.14696213,286
UNIMED DE CRICIÃMA COOPERATIVA DE TRABALHO MÃDICO DA REGIÃO CARBONÃFERA,SC,4092144339.33,8283692.994595141,30127616.818431474,494
ASSOCIAÃÃO SANTA SAÃDE,SP,4065158840.52,22213982.735081967,56636915.4575263,183
CAIXA DE PREVIDÃNCIA E ASSISTÃNCIA DOS SERVIDORES DA FUNDAÃÃO NACIONAL DE SAÃDE - CAPESESP,RJ,4019684703.07,26977749.68503356,60531156.687580235,149
UNIMED CAMPINA GRANDE - COOPERATIVA DE TRABALHO MEDICO LTDA,PB,4013383648.39,24621985.572944783,50258429.52957033,163
ASSOCIAÃÃO DE SAÃDE PORTUGUESA DE BENEFICÃNCIA,SP,3983833359.07,28868357.67442029,55896037.52820562,138
FUNDAÃÃO CHESF DE ASSISTÃNCIA E SEGURIDADE SOCIAL,PE,3980834210.9700003,28639095.042949643,62730199.55964777,139
UNIMED PORTO VELHO - SOCIEDADE COOPERATIVA MÃDICA LTDA,RO,3976121155.99,13079345.907861842,29984818.531174187,304
UNIMED GOVERNADOR VALADARES COOP. DE TRABALHO MÃDICO LTDA.,MG,3931288554.55,13017511.770033114,34520255.83657396,302
COOPERATIVA DE TRABALHO MÃDICO DE POUSO ALEGRE,MG,3914687780.05,10844010.471052632,32106602.68958031,361
ASSOCIACAO DOS AUDITORES FISCAIS DA RECEITA ESTADUAL DE SAO PAULO,SP,3908564188.03,35858387.04614679,72672707.1910335,109
UNIMED DO CEARÃ - FEDERAÃÃO DAS SOCIEDADES COOPERATIVAS MÃDICAS DO ESTADO DO CEARÃ LTDA.,CE,3865473110.03,22605105.906608187,51196805.4285958,171
KLINI PLANOS DE SAÃDE LTDA,RJ,3828291226.24,26959797.36788732,51604704.7082086,142
BENSAUDE PLANO DE ASSISTENCIA MEDICA HOSPITALAR LTDA.,SP,3802200920.55,20891213.849175826,50765193.243276276,182
UNIMED SANTA MARIA/RS - COOPERATIVA DE ASSISTÃNCIA Ã SAÃDE LTDA,RS,3665557577.44,11978946.331503268,32053998.40953507,306
ALVORECER - ASSOCIAÃÃO DE SOCORROS MÃTUOS,SP,3654261200.36,33835751.85518519,64218349.086258784,108
PROMÃDICA - PROTEÃÃO MEDICA A EMPRESAS S.A.,BA,3547207602.71,33464222.667075474,66772296.71692063,106
UNIMED CHAPECÃ - COOPERATIVA DE TRABALHO MÃDICO DA REGIÃO OESTE CATARINENSE,SC,3524793833.08,13822720.914039215,33374412.07664679,255
UNIMED SALTO/ITU - COOPERATIVA MÃDICA,SP,3505228720.59,9104490.18335065,27117657.814063594,385
"SERVIÃO SOCIAL DA INDÃSTRIA DO PAPEL, PAPELÃO E CORTIÃA DO ESTADO DE SÃO PAULO - SEPACO",SP,3445207808.41,38710200.09449438,60707932.59429785,89
PLANO DE SAÃDE ANA COSTA LTDA.,SP,3426976740.4,15231007.735111112,42752570.3576846,225
UNIMED DE MANAUS COOP. DO TRABALHO MÃDICO LTDA,AM,3404061812.78,20630677.653212123,38706133.12163041,165
CAIXA DE ASSISTÃNCIA DOS EMPREGADOS DO BANCO DO ESTADO DO RIO GRANDE DO SUL,RS,3384484417.64,15454266.747214612,39266555.27837347,219
UNIMED DE CAMPOS COOPERATIVA DE TRABALHO MÃDICO,RJ,3379569480.06,11775503.414843205,29320728.58307353,287
CIRCULO OPERARIO CAXIENSE,RS,3342148625.26,13810531.509338845,37042579.36569806,242
UNIMED PATOS DE MINAS COOPERATIVA TRABALHO MÃDICO LTDA.,MG,3313464505.62,9716904.70856305,27477426.49665797,341
CAIXA DE ASSISTÃNCIA Ã SAÃDE - CABERJ,RJ,3301197234.44,15947812.726763286,36203925.96322556,207
UNIMED DE GUARULHOS COOPERATIVA DE TRABALHO MÃDICO,SP,3272677889.24,11483080.313122807,30606437.51611555,285
ASSOCIAÃÃO ASSISTENCIAL DE SAÃDE SUPLEMENTAR CRUZ AZUL SAÃDE,SP,3236662097.5699997,37203012.615747124,48510168.39821192,87
INTEGRA ASSISTENCIA MEDICA SA,SP,3232097621.44,47530847.37411765,62072567.411948554,68
UNIMED RONDONOPOLIS COOPERATIVA DE TRABALHO MÃDICO LTDA,MT,3221758414.52,7616450.152529551,23760011.143792238,423
GAMA SAUDE LTDA.,SP,3170027004.9300003,64694428.67204082,118904803.94176714,49
AMPLA PLANOS DE SAUDE LTDA,RJ,3161821833.49,50187648.150634915,73637960.05592299,63
UNIMED ANHANGUERA COOPERATIVA DE TRABALHO MÃDICO,SP,3115498132.83,11668532.33269663,30492373.07497559,267
BIOVIDA SAÃDE LTDA.,SP,3103145693.2,37843240.160975605,59280374.35411869,82
AUSTACLINICAS ASSISTÃNCIA MÃDICA E HOSPITALAR LTDA,SP,3047601538.23,13852734.264681818,33498502.573648993,220
2CARE OPERADORA DE SAÃDE LTDA.,SP,3020730392.95,20004837.03940397,45149936.610191144,151
UNIMED DO SUDOESTE COOPERATIVA DE TRABALHO MEDICO LTDA,BA,2984376528.92,10696690.06781362,26245625.5925413,279
NOSSA SAÃDE - OPERADORA PLANOS PRIVADOS DE ASSISTÃNCIA  Ã SAÃDE LTDA.,PR,2938628528.35,12945500.124889867,30659739.56176504,227
UNIMED CENTRO RONDÃNIA COOPERATIVA DE TRABALHO MÃDICO,RO,2908572043.52,9352321.683344051,25076625.178974617,311
UNIMED VALE DO SEPOTUBA - COOPERATIVA DE TRABALHO MÃDICO,MT,2901498054.58,8434587.367965115,22758895.432265267,344
ASSOCIAÃÃO DR. BARTHOLOMEU TACCHINI,RS,2901040199.78,15188692.145445026,35932910.68704687,191
UNIMED RIO VERDE COOPERATIVA TRABALHO MEDICO,GO,2891674003.04,9358168.294627832,24463933.814359825,309
UNIMED AMPARO COOPERATIVA DE TRABALHO MÃDICO,SP,2870505279.0099998,9229920.511286173,24589436.144949175,311
UNIMED LESTE PAULISTA COOPERATIVA DE TRABALHO MÃDICO,SP,2867512092.03,6517072.936431819,22781716.740430932,440
UNIMED DE BOTUCATU COOPERATIVA DE TRABALHO MÃDICO,SP,2866291820.94,12462138.351913044,30587977.0163172,230
PLENA SAÃDE S.A.,SP,2842220559.2000003,13797187.180582525,33228599.811985154,206
UNIMED DE LIMEIRA COOPERATIVA DE TRABALHO MÃDICO,SP,2802486497.93,9249130.35620462,27006848.975108087,303
FUNDAÃÃO CELESC DE SEGURIDADE SOCIAL - CELOS,SC,2802228085.82,12566045.227892378,30084028.643639315,223
CAIXA DE ASSISTÃNCIA DOS EMPREGADOS DA EMPRESA BRASILEIRA DE PESQUISA  AGROPECUÃRIA,DF,2787971687.6,22483642.641935483,37145711.424601994,124
UNIMED MARANHÃO DO SUL - COOPERATIVA DE TRABALHO MÃDICO,MA,2759735111.2,9018742.193464052,21533783.328959312,306
UNIMED DE BEBEDOURO COOPERATIVA DE TRABALHO MÃDICO,SP,2743175888.27,10430326.571368821,26902542.027373776,263
PROASA SAÃDE,DF,2697793951.66,15415965.438057141,33939068.66246182,175
ABERTTA SAÃDE - ASSOCIAÃÃO BENEFICENTE DOS EMPREGADOS DA ARCELORMITTAL NO BRASIL,MG,2678600955.82,9635255.23676259,24434259.455564916,278
UNIMED COSTA OESTE - COOPERATIVA DE TRABALHO MÃDICO,PR,2671182105.84,7675810.648965518,22197850.861198865,348
ASSOCIAÃÃO EVANGELICA BENEFICENTE DE LONDRINA,PR,2668080162.83,9200276.423551723,23879137.412973154,290
LIV LINHAS INTELIGENTES DE ATENÃÃO Ã VIDA S/A,SP,2639795515.6,7173357.379347825,20321123.72239096,368
UNIMED PETROPOLIS-RJ COOPERATIVA DE TRABALHO MÃDICO,RJ,2639116175.96,10072962.503664123,23007694.10050162,262
UNIMED PELOTAS/RS - COOPERATIVA DE ASSISTÃNCIA Ã SAÃDE LTDA.,RS,2560307882.31,11035809.837543104,25907885.19126868,232
SERMED-SAÃDE LTDA.,SP,2559714276.43,9515666.455130111,27661295.690409202,269
UNIMED DE DOURADOS COOPERATIVA DE TRABALHO MÃDICO LTDA,MS,2550324183.25,8096267.2484126985,20265577.178340614,315
S.P.A SAUDE- SISTEMA DE PROMOÃÃO ASSISTENCIAL,SP,2549341139.6,15174649.64047619,31096539.39451781,168
UNIMED DE TUBARAO - COOPERATIVA DE TRABALHO MEDICO DA REGIAO DA AMUREL,SC,2506717829.19,5003428.800778443,15613221.20888944,501
UNIMED NOROESTE/RS - SOCIEDADE COOPERATIVA DE ASSISTÃNCIA Ã SAÃDE LTDA.,RS,2494447607.13,7513396.407018073,20817331.211023152,332
LIFE EMPRESARIAL SAÃDE LTDA.,SP,2470645837.0,12867947.067708334,32684451.589046855,192
UNIMED DE ARACATUBA - COOPERATIVA DE TRABALHO MÃDICO,SP,2463125794.12,6657096.740864865,17546040.24421433,370
UNIÃO MÃDICA PLANOS DE SAÃDE S/A,BA,2453099459.09,13478568.456538463,26888128.28994776,182
UNIMED RIO BRANCO COOPERATIVA DE TRABALHO MEDICO LTDA,AC,2438570856.63,7345092.941656627,20577855.835212167,332
UNIMED NOROESTE CAPIXABA COOPERATIVA DE TRABALHO MÃDICO.,ES,2419310899.25,10338935.466880342,23601267.031749655,234
IRMANDADE DA SANTA CASA DE MISERICÃRDIA DE PIRACICABA,SP,2385658906.0499997,20744860.052608695,41681832.675976254,115
ASSOCIAÃÃO DE ASSISTÃNCIA Ã SAÃDE DOS EMPREGADOS DA COPASA,MG,2383911563.31,8483671.043807829,19887911.967423096,281
SÃO LUCAS SAÃDE S/A,SP,2375916511.77,16970832.226928573,37524522.1620712,140
UNIMED PATO BRANCO SOCIEDADE COOPERATIVA DE MÃDICOS,PR,2320902209.26,5787786.058004988,18760051.09731279,401
CAIXA DE ASSISTÃNCIA OSWALDO CRUZ,RJ,2308801282.55,15290074.718874173,31919452.201108195,151
SANTA CASA DE MISERICÃRDIA DE JUIZ DE FORA,MG,2296876720.46,10989840.767751196,25596075.514501445,209
UNIMED PLANALTO MÃDIO/RS - COOPERATIVA DE ASSISTÃNCIA Ã SAÃDE LTDA.,RS,2288620929.93,10262874.125246637,20182341.625813346,223
FUNDAÃÃO SANEPAR DE ASSISTÃNCIA SOCIAL,PR,2277084270.92,12375457.994130434,30830002.831533477,184
SAUDE PAS - MEDICINA E ODONTO,RS,2259697194.09,18675183.422231406,36360136.14826537,121
UNIMED DE RIO CLARO SP COOPERATIVA DE TRABALHO MEDICO,SP,2217113204.91,4798946.330974026,17172508.636575367,462
UNIMED REGIONAL JAU - COOPERATIVA DE TRABALHO MÃDICO,SP,2189540595.23,5614206.654435897,17523074.29372595,390
MED-TOUR ADMINISTRADORA DE BENEFÃCIOS E EMPREENDIMENTOS LTDA.,SP,2161201122.2,13178055.62317073,29834534.618749145,164
UNIMED DO CARIRI - SOCIEDADE COOPERATIVA MÃDICA LTDA,CE,2137896768.78,14065110.320921052,31222959.13664095,152
UNIMED ANÃPOLIS COOPERATIVA DE TRABALHO MÃDICO.,GO,2131272223.64,5871273.343360882,15476092.68973036,363
CABERJ INTEGRAL SAÃDE S.A,RJ,2121235984.42,9104017.100515021,21685187.046683256,233
UNIMED MONTES CLAROS COOPERATIVA DE  TRABALHO MÃDICO LTDA.,MG,2113312914.9,8625766.999591837,17505985.915631175,245
FUNDAÃÃO AFFEMG DE ASSISTÃNCIA E SAÃDE - FUNDAFFEMG,MG,2103828689.57,17531905.746416666,32918750.995923433,120
UNIMED VARGINHA COOPERATIVA DE TRABALHO MÃDICO,MG,2096260767.05,6220358.359198813,14407577.675437886,337
UNIMED DE OURINHOS - COOPERATIVA DE TRABALHO MÃDICO,SP,2057035235.25,8716250.996822033,19634161.041876134,236
UNIMED CENTRO OESTE PAULISTA - FEDERAÃÃO INTRAFEDERATIVA DAS COOPERATIVAS MÃDICAS,SP,2040913891.52,16728802.389508197,26415682.366478726,122
MÃTUA DOS MAGISTRADOS DO ESTADO DO RIO DE JANEIRO,RJ,2015872521.24,24887315.077037036,33757612.92417297,81
UNIMED PALMAS COOPERATIVA DE TRABALHO MÃDICO,TO,2010302078.08,6381911.358984127,15107470.33082281,315
UNIHOSP SAÃDE LTDA,SP,2006572059.26,22295245.10288889,36907708.20759112,90
ECONOMUS INSTITUTO DE SEGURIDADE SOCIAL,SP,1999452566.63,11108069.81461111,21443327.258053083,180
PLANO DE SAÃDE DA SANTA CASA DE BRAGANÃA PAULISTA,SP,1990001345.25,11845246.10267857,26766848.62039692,168
UNIMED REGIONAL DE CAMPO MOURÃO COOP TRAB MEDICO ,PR,1988290535.84,9037684.253818182,20633527.80353082,220
UNIMED TEOFILO OTONI COOPERATIVA DE TRABALHO MÃDICO,MG,1962097973.18,9571209.625268294,19735457.930456564,205
UNIMED ARARUAMA COOPERATIVA DE TRABALHO MÃDICO LTDA,RJ,1895075054.15,5573750.159264706,14292443.876482036,340
OPERADORA UNIESTE DE PLANOS DE SAÃDE LTDA,RJ,1892212388.87,13140363.81159722,24711056.04930485,144
UNIMED ENCOSTA DA SERRA/RS SOCIEDADE COOPERATIVA DE SERVIÃOS DE SAÃDE LTDA.,RS,1890639076.96,7472881.727114624,18369092.347151354,253
UNIMED METROPOLITANA DO AGRESTE - COOPERATIVA DE TRABALHO MÃDICO,AL,1855219751.25,6578793.444148936,16772757.393664744,282
UNIMED COSTA DO DESCOBRIMENTO COOPERATIVA DE TRABALHO MÃDICO,BA,1839513255.38,7417392.158790323,18483184.28990103,248
POLICLIN SAÃDE S/A.,SP,1807983843.18,11816887.86392157,29448603.13258036,153
UNIMED CONSELHEIRO LAFAIETE COOPERATIVA DE TRABALHO MÃDICO LTDA,MG,1769038538.68,4655364.575473685,12908771.763324201,380
UNIMED NORTE CAPIXABA- COOPERATIVA DE TRABALHO MÃDICO,ES,1749943366.9,6140152.164561404,16667818.119753694,285
HBC SAÃDE LTDA.,SP,1749109134.44,12956363.958814815,26973399.491426438,135
SELECT OPERADORA DE PLANO DE SAUDE LTDA,GO,1746438200.84,14433373.560661156,27368727.402662292,121
BENEFICENCIA CAMILIANA DO SUL,SP,1739493140.46,16566601.337714287,32440410.400775924,105
CAIXA DE ASSISTENCIA A SAUDE DA UNIVERSIDADE,MG,1723902653.8,12226259.956028368,26380245.20866147,141
ASSOCIAÃÃO ADVENTISTA NORTE BRASILEIRA DE PREVENÃÃO E ASSISTÃNCIA A SAÃDE,PA,1699645386.1,16828172.13960396,28879185.17544397,101
UNIMED GUARAPUAVA COOPERATIVA DE TRABALHO MÃDICO,PR,1692386622.85,5717522.374493243,13128015.535557846,296
UNIMED DE CATANDUVA - COOPERATIVA DE TRABALHO MÃDICO,SP,1670164474.95,5819388.414459931,14121515.60467461,287
SIM - CAIXA DE ASSISTÃNCIA Ã SAÃDE,SC,1651906241.85,10324414.0115625,22053494.804356974,160
ASSOCIAÃÃO DA SANTA CASA SAÃDE DE RIBEIRÃO PRETO,SP,1631841384.02,8588638.863263158,18009783.253263883,190
IRMANDADE SANTA CASA DE MISERICÃRDIA DE MARINGÃ,PR,1631240976.34,8322658.04255102,19243818.152637657,196
UNIMED VALE DO CAÃ/RS - COOPERATIVA DE ASSISTÃNCIA Ã SAÃDE LTDA.,RS,1618964386.67,5601952.895051903,14572880.108484833,289
UNIMED BARRA DO GARÃAS - COOPERATIVA DE TRABALHO MÃDICO,MT,1611164885.17,4463060.623739612,12634502.214834327,361
UNIMED DE ASSIS COOPERATIVA DE TRABALHO MÃDICO,SP,1605445609.98,4127109.5372236506,12062550.134745415,389
ASSOCIAÃÃO BENEFICENTE DOS PROFESSORES PÃBLICOS ATIVOS E INATIVOS DO RIO DE JANEIRO - APPAI,RJ,1598857919.45,19034022.85059524,34717493.7648766,84
METLIFE PLANOS ODONTOLÃGICOS LTDA.,SP,1582342839.96,18615798.11717647,33377828.71299128,85
FUNDAÃAO COMPESA DE PREVIDENCIA E ASSISTENCIA - COMPESAPREV,PE,1566963921.91,10659618.51639456,23533026.12671041,147
CENTRAL REGIONAL DAS COOPERATIVAS MÃDICAS - UNIMED CERRADO,GO,1563259738.45,6709269.263733906,14638602.72122593,233
UNIMED NORDESTE PAULISTA - FED. INTRAFEDERATIVA DAS COOP. MÃDICAS,SP,1552457808.64,6362532.002622951,14006457.953648614,244
ASSOCIAÃÃO SÃO FRANCISCO VIDA,SP,1551228784.35,10552576.764285713,23844229.277743306,147
UNIMED POÃOS DE CALDAS - SOC. COOP. DE TRAB. E SERVIÃOS MÃDICOS,MG,1551204809.73,5559873.87,15685462.857943997,279
SAÃDE BRB - CAIXA DE ASSISTÃNCIA ,DF,1544788333.21,7321271.721374407,16229953.44893889,211
UNIMED EXTREMO SUL COOPERATIVA DE TRABALHO MÃDICO,BA,1525799954.38,5736090.054060151,13276038.534158478,266
UNIMED LITORAL SUL/RS - COOPERATIVA DE ASSISTÃNCIA Ã SAÃDE LTDA.,RS,1525741391.29,4334492.588892045,11434909.373640286,352
UNIMED CURVELO COOPERATIVA DE TRABALHO MÃDICO LTDA.,MG,1520575799.14,4472281.762176471,12539390.326264093,340
UNIMED NORTE FLUMINENSE COOPERATIVA DE TRABALHO MEDICO,RJ,1505012939.23,6748936.947219731,13740770.092209052,223
UNIMED DE BARRA MANSA SOC. COOP. SERV.MED.E HOSPIT.,RJ,1501458947.4,7621619.0223350255,16545338.198217407,197
UNIMED INCONFIDENTES COOPERATIVA DE TRABALHO MÃDICO LTDA.,MG,1488604378.83,5278738.932021276,13857987.258791644,282
UNIMED VALE DO AÃO COOPERATIVA DE TRABALHO MÃDICO,MG,1474308812.77,7926391.466505377,16031776.986173913,186
LUMINAR SAÃDE - ASSOCIAÃÃO DE ASSISTÃNCIA Ã SAÃDE,DF,1465216124.6100001,5529117.451358491,14034028.733728854,265
UNIMED DE PARANAGUÃ COOPERATIVA DE TRABALHO MÃDICO,PR,1464086252.35,6310716.604956896,13908111.713413263,232
CENTRO HOSPITALAR ATIBAIA LTDA.,SP,1431677168.23,16843260.802705884,28431163.71473882,85
UNIMED DE SÃO ROQUE - COOPERATIVA DE TRABALHO MÃDICO,SP,1431537622.43,5463884.0550763365,13328430.756994192,262
UNIMED RESENDE COOPERATIVA DE TRABALHO MÃDICO,RJ,1425015486.97,6305378.260929204,15030955.77116785,226
AMEPLAN ASSISTÃNCIA MÃDICA PLANEJADA LTDA,SP,1422628183.5,12932983.486363636,17782595.292839013,110
IRMANDADE DA SANTA CASA DE MISERICÃRDIA DE RIO CLARO,SP,1396312557.1200001,7052083.621818182,17232324.577305127,198
ASSOCIAÃÃO BENEFICENTE DE ASSISTÃNCIA A SAÃDE DOS JUÃZES DO TRABALHO DA 15Âª REGIÃO (ABAS 15),SP,1395139138.09,13038683.5335514,22416628.444341183,107
AMESC - ASSOCIAÃÃO MÃDICA ESPÃRITA CRISTÃ,RJ,1394078411.2,8552628.289570553,20227738.4569505,163
UNIMED DE PARANAVAÃ COOPERATIVA DE TRABALHO MÃDICO,PR,1385707020.38,5542828.0815200005,12599848.398860853,250
UNIMED DE BRUSQUE COOPERATIVA DE TRABALHO MÃDICO,SC,1380613431.95,4497112.156188925,10983449.819710461,307
UNIMED OESTE DO PARÃ - COOPERATIVA DE TRABALHO MÃDICO,PA,1375705484.38,15996575.399767444,26466872.244991142,86
ASSOCIAÃÃO PADRE ALBINO SAÃDE,SP,1363379926.97,10820475.610873016,21589449.9143112,126
UNIMED MISSÃES/RS - COOPERATIVA DE ASSISTÃNCIA Ã SAÃDE LTDA.,RS,1348033827.84,5224937.317209302,12520591.950772332,258
CAIXA ASSISTENCIAL E BENEFICENTE DOS FUNCIONÃRIOS DA ACARESC,SC,1327069372.2,7670921.226589596,16582289.098169118,173
UNIMED SAÃDE E ODONTO S.A,SP,1319458918.14,14660654.646000002,26162852.526210267,90
ASSOCIAÃAO DOS FUNCIONARIOS PUBLICOS DO ESTADO DO RIO GRANDE DO SUL,RS,1293274047.17,6806705.511421053,15699328.857024897,190
UNIMED REGIONAL SUL GOIAS COOP. DE TRABALHO MÃDICO LTDA,GO,1274117839.1200001,5539642.778782609,12033053.24670306,230
ASSOCIAÃÃO DOS SERVIDORES FISCAIS DO ESTADO DA BAHIA,BA,1267000418.68,10385249.333442623,20654913.33556052,122
UNIMED DE JABOTICABAL COOP. DE TRABALHO MÃDICO,SP,1261600351.41,4411190.039895105,12112952.980560182,286
UNIMED OESTE DO PARANA - COOPERATIVA DE TRABALHO MEDICO,PR,1258821549.66,3586386.1813675216,10341931.916714897,351
ASSOCIAÃÃO SANTA CASA SAÃDE DE ARAÃATUBA,SP,1253372298.07,6298353.256633165,13050445.703032626,199
UNIMED APUCARANA COOPERATIVA DE TRABALHO MÃDICO,PR,1251031408.6399999,5845941.161869158,13022065.28861234,214
ELOSAÃDE - ASSOCIAÃÃO DE ASSISTÃNCIA Ã SAÃDE,SC,1244374780.6,5410325.133043478,13237938.326629603,230
FUNDAÃÃO DE SEGURIDADE SOCIAL DA ARCELORMITTAL BRASIL - FUNSSEST,ES,1243206987.4,12557646.33737374,21406655.040955734,99
SANTA CASA DE MAUÃ SAÃDE,SP,1235870185.04,13580991.044395603,22613176.275657866,91
SAÃDE SANTA TEREZA LTDA.,SP,1224500044.06,8386986.603150684,17149511.410261005,146
UNIMED JOÃO MONLEVADE COOPERATIVA DE TRABALHO MÃDICO LTDA.,MG,1220816098.74,4555283.950522388,11117188.74497251,268
UNIMED DE CATALÃO COOPERATIVA DE TRABALHO MÃDICO,GO,1218130354.58,5205685.275982906,11214963.027646348,234
UNIMED SÃO JOÃO DEL REI - COOPERATIVA DE TRABALHO MÃDICO,MG,1211292793.77,3997665.986039604,10394241.662953185,303
CAIXA DE ASSISTÃNCIA Ã SAÃDE DOS SERVIDORES PÃBLICOS DO ESTADO DO MATO GROSSO DO SUL,MS,1207265182.31,8048434.548733333,15099809.920006799,150
ASSISTÃNCIA MÃDICA SÃO MIGUEL LTDA,SP,1199371922.77,13476089.019887641,21851498.15891227,89
AGROS - INSTITUTO UFV DE SEGURIDADE SOCIAL,MG,1198542308.35,7263892.777878787,16258722.446008636,165
SAMI ASSISTÃNCIA MÃDICA LTDA,SP,1190942498.1,10633415.161607143,19014396.4074593,112
CAIXA DE ASSISTÃNCIA DOS EMPREGADOS DA SANEAGO,GO,1188492746.05,11212195.71745283,20773770.984724034,106
GOCARE PLANOS DE SAUDE LTDA,SP,1183572608.6200001,6132500.562797928,12394926.84953328,193
UNIMED ITABIRA COOPERATIVA DE TRABALHO MÃDICO,MG,1181876997.96,6458344.251147541,12815771.804360827,183
CAIXA DE ASSISTÃNCIA DOS SERVIDORES FAZENDÃRIOS ESTADUAIS,CE,1176931768.78,14352826.448536584,24437867.77571371,82
UNIMED DE CAÃAPAVA - COOPERATIVA DE TRABALHO MEDICO,SP,1172264851.66,3552317.732303031,8852326.40676129,330
UNIMED PARÃ DE MINAS COOPERATIVA DE TRABALHO MÃDICO LTDA.,MG,1172222957.68,3843353.9596065576,10096670.257168213,305
UNIMED ARAXÃ COOPERATIVA DE TRABALHO MÃDICO LTDA.,MG,1161758221.14,3911643.8422222226,8739885.971087893,297
OPERADORA UNICENTRAL DE PLANOS DE SAÃDE LTDA.,SP,1161668994.8600001,7642559.176710527,15740494.117257256,152
UNIMED FRONTEIRA NOROESTE/RS - COOPERATIVA DE ASSISTÃNCIA Ã SAÃDE LTDA.,RS,1156273551.25,3275562.4681303115,9505855.260244407,353
UNIMED OS BANDEIRANTES COOPERATIVA DE TRABALHO MÃDICO,SP,1155392556.51,3877156.2298993287,9623828.254468674,298
OESTE SAÃDE ASSISTÃNCIA A SAÃDE SUPLEMENTAR S.A,SP,1143903830.07,8411057.574044118,16975768.61734428,136
UNIMED DE TATUI - COOPERATIVA DE TRABALHO MÃDICO,SP,1143867009.78,3958017.3348788926,10606639.014114397,289
UNIMED ITAJUBA COOPERATIVA DE TRABALHO MEDICO,MG,1125604428.57,4345963.044671814,12181610.701123191,259
UNIMED CENTRO SUL FLUMINENSE COOPERATIVA DE TRABALHO MÃDICO,RJ,1118959194.69,4886284.692969432,11077170.265903655,229
UNIMED ERECHIM - COOPERATIVA DE SERVIÃOS DE SAÃDE LTDA.,RS,1116462609.51,3555613.4060828025,9634542.083874725,314
FUNDAÃÃO DE SAÃDE ITAIGUAPY,PR,1109471554.6200001,7758542.340000001,18249019.656127203,143
SUL AMÃRICA ODONTOLÃGICO S/A,SP,1083609889.2,6901973.81656051,14649358.755985409,157
UNIMED BARBACENA - COOPERATIVA DE TRABALHO MÃDICO LTDA,MG,1082174528.93,4453393.123168725,10622747.399971938,243
UNIMED ALTO VALE - COOPERATIVA DE TRABALHO MÃDICO,SC,1079604852.3,2754094.010969388,7882757.263256842,392
NOVA SAÃDE OPERADORA INTEGRADA DE SAÃDE LTDA,RJ,1065941342.63,14212551.235066667,20515362.54502546,75
ESMALE ASSISTENCIA INTERNACIONAL DE SAUDE LTDA.,AL,1062994724.77,12654699.104404762,17477495.689532813,84
GARANTIA DE SAÃDE LTDA,SP,1059642093.66,9461090.121964285,18065275.655001663,112
UNIMED DE LENÃOIS PAULISTA - COOPERATIVA DE TRABALHO MÃDICO,SP,1054617078.22,4025256.0237404583,9324103.221872853,262
UNIMED CABO FRIO COOPERATIVA TRABALHO MÃDICO LTDA.,RJ,1051921311.39,4738384.285540541,9509177.708952032,222
TEMPO MED PLANO DE SAUDE LTDA,SC,1051904068.1999999,6224284.4272189345,12202754.101814618,169
UNIODONTO DE CAMPINAS COOPERATIVA ODONTOLÃGICA,SP,1051435135.96,9472388.612252252,18428024.316510078,111
UNIMED NOROESTE DO PARANÃ COOP DE TRABALHO MÃDICO .,PR,1048895963.31,3786628.0263898913,9461681.360740846,277
CAIXA DE ASSISTÃNCIA DOS EMPREGADOS DO SISTEMA FINANCEIRO BANESTES,ES,1046492217.98,8049940.1383076925,13497420.105399575,130
UNIMED ARAGUARI COOPERATIVA DE TRABALHO MÃDICO ,MG,1045149225.46,3885313.105799257,9722349.102474052,269
SISTEMAS E PLANOS DE SAÃDE LTDA.,SP,1040941684.72,10621853.925714286,15771217.826778464,98
UNIMED DE LINS - COOPERATIVA DE TRABALHOS MÃDICOS,SP,1039931952.77,3376402.4440584416,8233639.3633677475,308
PARANA ASSISTENCIA MEDICA LTDA,PR,1038367257.74,4273116.286995885,10359530.753588626,243
VIVACOM PLANOS DE SAÃDE,GO,1032605589.32,5295413.278564103,11196586.040645238,195
ASSOCIAÃÃO DE ASSISTÃNCIA Ã SAÃDE DA AMAGIS,MG,1023569594.48,7108122.183888889,12888352.553737313,144
AMHE MED ASSISTENCIA A SAUDE LTDA - EPP,SP,1004801934.41,9569542.23247619,19958088.95600671,105
UNIMED MEIO OESTE CATARINENSE COOPERATIVA DE TRABALHO MÃDICO,SC,988297488.01,2776116.5393539327,6936072.096302755,356
UNIMED EXTREMO OESTE CATARINENSE COOPERATIVA DE TRABALHO MÃDICO,SC,986735055.9399999,2860101.6114202896,7382505.17030254,345
UNIMED CENTRO PAULISTA - FEDERAÃÃO INTRAFEDERATIVA DAS COOPERATIVAS MÃDICAS,SP,986713347.0600001,10278264.031875001,16624859.524136176,96
DENTAL UNI - COOPERATIVA ODONTOLÃGICA,PR,985616462.24,10951294.02488889,20192929.641245738,90
IRMANDADE DA SANTA CASA DE MISERICORDIA DE LIMEIRA,SP,972303539.93,7149290.734779411,13642793.223763239,136
PLAMED PLANO DE ASSISTENCIA MEDICA LTDA,SE,965634453.39,9560737.162277227,17328764.933665894,101
UNIMED NORTE PIONEIRO - COOPERATIVA DE TRABALHO MÃDICO,PR,958335555.78,3484856.5664727273,8577112.815351881,275
UNIMED DE GUARATINGUETA-COOPERATIVA DE TRABALHO MÃDICO,SP,953071901.61,4789306.038241206,10319137.90742524,199
FUNDACAO LEONOR DE BARROS CAMARGO,SP,946213545.3100001,7692793.051300813,15204286.26572557,123
BIO SAÃDE SERVIÃOS MÃDICOS LTDA,SP,943031839.98,8419927.142678572,21735543.689590834,112
UNIMED MURIAÃ COOPERATIVA DE TRABALHO MEDICO LTDA,MG,942264234.61,5293619.295561798,11244093.522330493,178
SULMED - ASSISTÃNCIA MÃDICA LTDA,RS,927392496.23,4932938.809734043,12580218.998531552,188
UNIMED LAVRAS COOPERATIVA DE TRABALHO MÃDICO,MG,923806954.98,2602273.1126197185,7830946.5320045035,355
UNIMED TRÃS RIOS COOPERATIVA DE TRABALHO MÃDICO,RJ,922073123.2,4229693.225688074,9157240.268329512,218
SÃO FRANCISCO ASSISTÃNCIA MÃDICA LTDA,PE,911598809.69,7858610.42836207,13685818.47460025,116
CAIXA ASSISTENCIAL UNIVERSITÃRIA DO RIO GRANDE DO NORTE,RN,909405615.67,7275244.92536,12925218.41775511,125
BEST SENIOR OPERADORA DE SAÃDE LTDA,ES,909221132.68,7273769.061439999,14390117.800257776,125
HOSPITAIS E CLÃNICAS DO PIAUÃ S/S LTDA,PI,908188791.5,7383648.711382113,14121716.484109813,123
UNIMED ALTA MOGIANA COOPERATIVA DE TRABALHO MÃDICO,SP,904398369.61,3546660.2729803924,8534005.635835815,255
"FEDERAÃÃO DAS SOCIEDADES COOPERATIVAS DE TRABALHO MÃDICO DO ACRE, AMAPÃ, AMAZONAS, PARÃ, RONDONIA E RORAIMA",AM,904275610.04,14824190.32852459,41312233.81209311,61
"UNIMED VALE DAS ANTAS, RS - COOPERATIVA DE ASSISTÃNCIA Ã SAÃDE LTDA.",RS,894043067.05,3136993.217719298,7249074.995205322,285
ASSOCIAÃÃO POLICIAL DE ASSISTÃNCIA Ã SAÃDE,SP,886660271.16,2526097.6386324787,5925881.275688465,351
UNIMED DE SOBRAL SOCIEDADE COOPERATIVA MÃDICA LTDA,CE,876531265.86,5125913.835438597,10535561.957044411,171
MATÃO CLINICAS & AMHMA SAÃDE LTDA,SP,867802934.46,5709229.831973684,11624655.530376222,152
PRONTOMED PLANOS DE SAÃDE LTDA,MG,864128865.89,4114899.3613809524,9511231.603501868,210
UNIMED SUL PAULISTA - COOPERATIVA DE TRABALHO MÃDICO,SP,858284062.97,3214547.0523220976,8613406.720242541,267
ASSOCIAÃÃO DE SAÃDE DO VALE,SC,850378617.11,6592082.303178295,12338117.854784455,129
UNIMED DE IBITINGA COOPERATIVA DE TRABALHO MÃDICO,SP,845628273.37,3861316.316757991,8954782.538269607,219
ASSOCIAÃÃO DE ASSISTÃNCIA MÃDICO HOSPITALAR DOS MAGISTRADOS DO ESTADO DO PARANÃ,PR,844848921.41,7822675.19824074,12155665.064254189,108
UNIMED COSTA VERDE RJ,RJ,831924349.62,4138927.1125373133,8665908.359578967,201
CAIXA DE ASSISTÃNCIA Ã SAUDE DOS EMPREGADOS DA CODEVASF - CASEC,DF,830255769.35,6976939.238235294,13700849.172034917,119
ASSOCIAÃÃO DE SAÃDE DOS FORNECEDORES DE CANA DE PIRACICABA E REGIÃO,SP,828268137.68,6001943.026666666,13248821.021029642,138
UNIMED ITAÃNA COOPERATIVA DE TRABALHO MÃDICO LTDA.,MG,816973936.13,2402864.518029412,6707684.930249321,340
UNIMED SÃO LOURENÃO COOPERATIVA DE TRABALHO MÃDICO,MG,816612291.13,2584216.111170886,6811893.552010977,316
UNIMED DE PINDAMONHANGABA - COOPERATIVA TRABALHO MEDICO,SP,814759513.5,2382337.75877193,5911771.290302127,342
ASSOCIAÃÃO MINEIRA DE ASSISTÃNCIA Ã SAÃDE DOS MEMBROS DO MINISTÃRIO PÃBLICO,MG,813811018.04,17691543.870434783,18038981.79815743,46
ASSOCIAÃÃO DO PLANO DE SAÃDE DA SANTA CASA DE MISERICÃRDIA DE ITABUNA - PLANSUL,BA,811066227.46,3918194.3355555558,8788666.066616071,207
UNIMED CAÃADOR COOPERATIVA DE TRABALHO MÃDICO DA REGIÃO DO CONTESTADO,SC,809992074.35,3894192.6651442307,8627339.948308868,208
SAMOC S.A. - SOCIEDADE ASSISTENCIAL MÃDICA E ODONTO CIRÃRGICA,RJ,808845423.02,5903981.189927007,11648667.423999526,137
UNIMED NOROESTE FLUMINENSE - COOPERATIVA DE TRABALHO MÃDICO LTDA,RJ,797359638.61,5575941.528741259,9583325.483315583,143
UNIMED ITUIUTABA COOPERATIVA TRABALHO MÃDICO LTDA.,MG,794133317.65,2856594.6678057555,7587324.526466694,278
PLADISA PLANOS DE SAÃDE SA,SC,791597878.53,4711892.134107143,10530187.059414081,168
ELETROS SAÃDE - ASSOCIAÃÃO DE ASSISTÃNCIA Ã SAÃDE,RJ,787433455.41,3804026.354637681,9393570.854173033,207
SANTA CASA DE MISERICORDIA DE SAO JOAQUIM DA BARRA,SP,783360198.1,4425763.831073446,9550461.70310485,177
UNIMED ALTO DA SERRA - SOCIEDADE COOPERATIVA DE SERVIÃO MÃDICO LTDA.,RS,780368707.0600001,2848060.974671533,6841623.939230542,274
UNIMED GUAXUPÃ COOPERATIVA DE TRABALHO MEDICO,MG,779624263.02,2490812.3419169327,6388982.461346135,313
COOPERATIVA DE TRABALHO MEDICO REGIÃO DO PLANALTO SERRANO,SC,771796203.53,1887032.2824694377,5022991.602467793,409
UNIMED NORTE PAULISTA - COOPERATIVA DE TRABALHO MÃDICO,SP,769397570.15,2530913.0597039475,7034318.390708444,304
FUNDAÃÃO LIBERTAS DE SEGURIDADE SOCIAL,MG,767585513.7,4680399.473780488,10933448.674615297,164
INSTITUIÃÃO BENEFICENTE CEL MASSOT - IBCM,RS,766695873.71,5637469.659632353,11384289.777244229,136
COOPERATIVA DE TRABALHO MÃDICO DO PLANALTO NORTE DE SANTA CATARINA LTDA,SC,762163252.42,2215590.8500581393,6204072.384681438,344
SAÃDE BRASIL ASSISTÃNCIA MÃDICA LTDA.,SP,758095567.27,6768710.422053571,9427318.216974972,112
VITA ASSISTÃNCIA A SAÃDE LTDA.,MG,745515824.37,3567061.3606220097,7856617.827504962,209
ASSOCIAÃÃO MAIS SAÃDE SANTA CASA DE SÃO JOÃO DA BOA VISTA,SP,745443872.34,6426240.278793104,12926407.223202514,116
CAIXA DE ASSISTÃNCIA Ã SAÃDE DO SINDICATO DOS FUNCIONÃRIOS INTEGRANTES DO GRUPO OCUPACIONAL ADMINISTRAÃÃO TRIBUTÃRIA DO ESTADO DE PERNAMBUCO,PE,744112917.92,6049698.519674797,13163410.53398514,123
AMAZÃNIA PLANOS DE SAÃDE LTDA,PA,736511019.13,6036975.566639344,12088740.539431095,122
AMHA SAUDE S/A,SP,735949173.92,6690447.035636364,13648766.55758913,110
UNIMED DE BARRETOS COOPERATIVA DE TRABALHO MÃDICO,SP,735668588.81,4227980.39545977,8630507.980499279,174
UNIMED DE BIRIGUI - COOPERATIVA DE TRABALHO MÃDICO,SP,733264639.12,2313137.6628391165,6152835.512440522,317
UNIMED DE TAUBATÃ COOPERATIVA DE TRABALHO MÃDICO,SP,731509551.79,2868664.908980392,6134322.615528138,255
COOPERATIVA DE TRABALHO MEDICO DE ARAGUAÃNA - UNIMED ARAGUAÃNA,TO,730552983.52,1484863.7876422764,4489712.170144895,492
ÃNICA ASSISTENCIA MEDICA LTDA ,SP,725273484.09,9670313.1212,15110351.197391624,75
SÃO DOMINGOS SAÃDE- ASSISTÃNCIA MÃDICA  LTDA,SP,721848777.21,4687329.7221428575,10392679.985762885,154
PLANO DE SAUDE ASES LTDA.,RJ,714597730.4399999,3926361.156263736,9858443.538677692,182
UNIMED MARQUES DE VALENÃA COOPERATIVA DE TRABALHO MÃDICO LTDA.,RJ,712501247.02,4191183.806,8122575.593689748,170
UNIMED REGIONAL DE TRES LAGOAS COOPERATIVA DE TRABALHO MÃDICO,MS,708603953.47,2495084.3432042254,6571291.220117882,284
UNIMED PATROCÃNIO COOPERATIVA DE TRABALHO MÃDICO LTDA.,MG,708036064.68,3277944.7438888885,7322936.7298917845,216
UNIMED ALTO SÃO FRANCISCO COOPERATIVA DE TRABALHO MÃDICO,MG,704506884.24,2201584.01325,6354961.684227812,320
CAIXA DE ASSISTÃNCIA DOS FUNCIONÃRIOS DO BANCO DA AMAZÃNIA - CASF,PA,703695587.54,4398097.422125,9863760.616925992,160
UNIMED DE AVARÃ COOPERATIVA DE TRABALHO MÃDICO,SP,696156615.2,2751607.1747035575,6372648.9584705485,253
UNITY SERVIÃOS INTEGRADOS DE SAÃDE LTDA.,DF,692834990.35,5209285.641729323,10693348.949981505,133
ASSOCIAÃÃO SAÃDE SÃO JOSÃ,SC,690157062.6,3468125.942713568,8182378.874462673,199
UNIMED VALE DO JAURU COOPERATIVA DE TRABALHO MÃDICO,MT,679647564.09,2718590.25636,6678243.523668507,250
ASSOCIAÃÃO POLICIAL DE ASSISTÃNCIA Ã SAÃDE DE BAURU,SP,677383376.17,6330685.75859813,11109831.43618974,107
UNIMED DE LORENA COOPERATIVA DE TRABALHO MÃDICO,SP,673610229.08,2683706.091952191,6155938.19768562,251
ASSOCIAÃÃO SÃO LUIZ SAÃDE,SP,665562527.65,7563210.541477272,13477917.57073883,88
IRMANDADE DE MISERICÃRDIA DO HOSPITAL DA SANTA CASA DE MONTE ALTO,SP,660238057.14,4819255.891532847,9369740.907916993,137
ANAFE SAUDE,GO,654342264.18,4608044.113943662,10229222.484806968,142
UNIMED DE ANDRADINA - COOPERATIVA DE TRABALHO MÃDICO,SP,651063110.51,2350408.3411913356,5432001.337610024,277
LEADER ASSISTÃNCIA MÃDICA E HOSPITALAR LTDA.,SP,649368704.8,9692070.220895521,14401275.860727955,67
PREVIDENT ASSISTÃNCIA ODONTOLÃGICA S.A,SP,643453828.94,11915811.647037039,15582761.347829929,54
CAIXA DE ASSISTÃNCIA AOS MEMBROS DA DEFENSORIA PÃBLICA DO ESTADO DO RIO DE JANEIRO,RJ,641310242.17,5344252.018083333,8251150.636811471,120
CAIXA DE ASSISTÃNCIA SISTEMA SAÃDE INTEGRAL-SSI SAUDE,RS,636838634.78,7155490.278426966,12432554.134610036,89
UNIMED DE CAPIVARI -COOPERATIVA DE TRABALHO MÃDICO,SP,630815668.5,1888669.6661676646,5524160.0427573025,334
UNIMED VERTENTE DO CAPARAÃ - COOPERATIVA DE TRABALHO MÃDICO LTDA,MG,626178055.66,2981800.265047619,5903469.790083736,210
UNIMED NORTE DO PARANÃ COOPERATIVA REGIONAL DE TRABALHO MÃDICO,PR,621749477.79,1878397.2138670695,4254521.894383902,331
BRASILDENTAL OPERADORA DE PLANOS ODONTOLÃGICOS S.A.,SP,616600144.66,8936233.98057971,14936798.775386415,69
GS PLANO GLOBAL DE SAÃDE LTDA,RJ,616073682.86,4190977.434421769,9622199.994414918,147
IRMANDADE DA SANTA CASA DE MISERICÃRDIA DE PASSOS,MG,606010284.87,3717854.5084049082,8393171.759528434,163
IRMANDADE DE MISERICORDIA DE PORTO FERREIRA,SP,602749971.52,5851941.471067961,10850941.482779512,103
ASSOCIAÃÃO FUNDO DE PROTEÃÃO Ã SAÃDE,PR,588915256.16,3900101.034172185,7284795.308340015,151
UNIMED-RIO COOPERATIVA DE TRABALHO MEDICO DO RIO DE JANEIRO,RJ,584279744.11,25403467.13521739,31976267.490559876,23
UNIMED VILHENA - COOPERATIVA DE TRABALHO MEDICO LTDA,RO,577846932.13,2700219.3090186915,5721526.355482689,214
UNIMED DE TUPA COOPERATIVA DE TRABALHO MÃDICO,SP,574997493.6,1996519.0750000002,5578261.048356586,288
UNIMED VIÃOSA - COOPERATIVA DE TRABALHO MÃDICO,MG,572153119.77,2014623.6611619717,5448992.677900597,284
ASSOCIAÃÃO DOS AUDITORES FISCAIS DO ESTADO DA PARAÃBA - AFRAFEP,PB,569846750.55,8634041.674999999,12836721.179833889,66
UNIMED CATAGUASES COOPERATIVA DE TRABALHO MÃDICO LTDA,MG,568007497.87,1685482.1895252226,4528196.285567096,337
OPERADORA DE PLANOS PRIVADOS DE SAÃDE - SANTA CASA SAÃDE LTDA,MS,564061370.69,3639105.617354839,7492727.54597989,155
UNIMED DE UBA COOPERATIVA DE TRABALHO MEDICO,MG,562436846.24,2098644.9486567164,5490483.583732604,268
SANTA CASA DE MISERICÃRDIA DE VOTUPORANGA,SP,557794202.65,4462353.6212,7779131.361395749,125
ASSOCIAÃÃO DOS FUNCIONÃRIOS DO FISCO DO ESTADO DE GOIÃS,GO,555426427.17,7030714.267974683,10414657.884308677,79
CONFERÃNCIA SÃO JOSÃ DO AVAÃ,RJ,555401376.12,4407947.42952381,7846201.9965058295,126
UNIMED SÃO SEBASTIÃO DO PARAÃSO COOPERATIVA DE TRABALHO MÃDICO,MG,554045271.39,2308521.964125,4401748.503553237,240
INTERMEDICI PIRACICABA ASSISTENCIA MEDICA LTDA,SP,553449335.42,3480813.430314465,7722055.079845764,159
MAIS SAÃDE PLANO DE SAÃDE LTDA,GO,550356174.34,14111696.777948719,14712436.538728096,39
UNIMED DE MINEIROS COOPERATIVA DE TRABALHO MÃDICO ,GO,544372489.07,2240216.004403292,5501264.921105397,243
UNIMED DE PIRASSUNUNGA COOPERATIVA DE TRABALHO MÃDICO,SP,541778836.33,2881802.3209042554,5991757.03422043,188
UNIMED GURUPI COOPERATIVA DE TRABALHO MÃDICO,TO,535762142.57,1717186.3543910256,4177512.4418543736,312
CAIXA DE ASSISTÃNCIA DOS MAGISTRADOS DE PERNAMBUCO,PE,535181975.24,3567879.8349333336,7097452.850276181,150
UNIMED CARATINGA - COOPERATIVA DE TRABALHO MÃDICO LTDA,MG,532417290.92,2702625.842233503,5656726.171650576,197
TERRAMAR ADMINISTRADORA DE PLANO DE SAUDE LTDA,BA,527870906.51,6067481.684022988,7310839.59772881,87
UNIMED TRÃS CORAÃÃES COOPERATIVA DE TRABALHO MÃDICO LTDA.,MG,527399542.82,1982705.0481954888,4294509.744466382,266
UNIMED DE MOCOCA COOPERATIVA DE TRAB. MÃDICO,SP,526150885.03000003,1948706.9815925928,5418569.155875197,270
UNIODONTO DE SÃO JOSÃ DOS CAMPOS COOPERATIVA DE TRABALHO ODONTOLÃGICO,SP,518914710.45,5765719.005,8947907.848365016,90
UNIMED PONTAL DO TRIÃNGULO - COOPERATIVA DE TRABALHO MÃDICO,MG,513369401.53000003,1915557.4683955226,4969818.032444373,268
UNIMED NOROESTE DE MINAS COOPERATIVA DE TRABALHO MEDICO LTDA,MG,505003448.96,1980405.6821960784,4583396.293145007,255
FUNDAÃÃO FILANTRÃPICA E BENEFICENTE DE SAÃDE ARNALDO GAVAZZA FILHO,MG,503706914.48,3109301.941234568,6533313.823925385,162
ASSOCIAÃÃO PARANAENSE DE ASSISTÃNCIA Ã SAUDE DOS MEMBROS DO MINISTERIO PUBLICO DO PARANÃ,PR,502722751.53,4409848.697631579,7208427.106091388,114
PRONTOCLINICA E HOSPITAIS SAO LUCAS S/A,MG,497229974.82,2644840.2915957444,5107200.475578632,188
PLANO ODONTOLÃGICO DENTALVIDAS LTDA.,SP,494151264.78999996,8235854.413166666,12296866.888374448,60
UNIMED PLANALTO CENTRAL/RS - COOPERATIVA DE ASSISTÃNCIA  Ã SAÃDE LTDA.,RS,486771747.83,2062592.1518220338,4821464.500410701,236
UNIMED VALE DO PIQUIRI-COOPERATIVA DE TRABALHO MÃDICO VALE DO PIQUIRI ,PR,481632757.81,2169516.927072072,5364533.170931389,222
UNIMED ALFENAS COOPERATIVA DE TRABALHO MEDICO,MG,481337204.97,1917678.1074501993,4602494.270111634,251
UNIMED FRUTAL COOPERATIVA DE TRABALHO MEDICO LTDA,MG,477522791.77,1224417.4147948718,3514817.7665527062,390
POLI SAUDE OPERADORA DE PLANO DE SAUDE LTDA,PR,459890551.06,3193684.382361111,6623496.132588691,144
AMPARA ASSISTÃNCIA MÃDICA PARAÃSO LTDA,MG,456033223.07,2698421.4382840237,6005044.8394564,169
AMEP FREGUESIA OPERADORA DE PLANO DE SAUDE LTDA,RJ,454933808.44,3554170.3784375,7556870.795231319,128
CAIXA DE ASSISTÃNCIA DOS EMPREGADOS DO BANEB,BA,453027127.01,4441442.421666667,6230719.701988336,102
SF SISTEMAS DE SAÃDE LTDA,SP,447389785.07,5026851.517640449,7735503.572489353,89
UNIMED REGIÃO DA CAMPANHA/RS - COOPERATIVA DE ASSISTÃNCIA Ã SAÃDE LTDA.,RS,444633311.34,1576713.8699999999,4184788.314895087,282
FUNDAÃÃO FIAT SAÃDE E BEM ESTAR,MG,440501010.88,13765656.59,19300470.68301239,32
UNIMED DE SAO JOSÃ DO RIO PARDO-COOP. DE TRAB. MÃDICO,SP,435320963.05,2808522.3422580645,5452863.581927728,155
SBC SAÃDE LTDA.,SP,426990862.26,3778680.1969911503,6989999.012831341,113
SUPERMED ADMINISTRADORA DE BENEFÃCIOS LTDA.,RJ,426931237.67999995,71155206.27999999,34721086.64019757,6
ASSOCIAÃÃO PLANO DE SAÃDE SANTA CASA DE VALINHOS,SP,425388785.28,4013101.747924528,7295507.053641761,106
ALLIANZ SAÃDE S/A,SP,415077096.75,3991125.9302884615,5778514.843540373,104
FUNDAÃÃO DE ASSISTÃNCIA Ã SAÃDE DA ASSOCIAÃÃO DO MINISTÃRIO PÃBLICO DO RIO GRANDE DO SUL,RS,415017394.61,4825783.658255815,7566006.2430081135,86
UNIMED LEOPOLDINA COOPERATIVA DE TRABALHO MÃDICO LTDA,MG,411267819.13,2187594.782606383,4857805.520872041,188
UNIMED DE ADAMANTINA-COOPERATIVA DE TRABALHO MÃDICO,SP,409079452.12,1274390.8165732087,3623584.256612474,321
UNIMED SUDOESTE DE MINAS COOPERATIVA DE TRABALHO MÃDICO,MG,407496929.78,1931265.0700473932,4127653.126271737,211
SOCIEDADE BENEFICENTE DEZOITO DE JULHO,MG,399819993.52,4442444.372444444,7081941.285801797,90
UNIMED DE DRACENA - COOPERATIVA DE TRABALHO MÃDICO,SP,399661506.71,1252857.3878056426,3424342.0450579687,319
PLAMER PLANO MEDICO RESENDE LTDA,RJ,398121240.96,3290258.189752066,6237602.607526226,121
ASSOCIAÃÃO VALEPARAIBANA DE ASSISTÃNCIA MÃDICA POLICIAL,SP,397444449.49,5597809.147746479,7526567.163103335,71
UNIMED DE REGISTRO COOPERATIVA DE TRABALHO MÃDICO,SP,394159680.54,4530571.040689656,6604642.577880411,87
ASSOCIAÃÃO POLICIAL DE ASSISTÃNCIA Ã SAÃDE DE RIBEIRÃO PRETO (APAS),SP,383751144.48,3279924.311794872,6213556.044706972,117
UNIMED DE MONTE ALTO - COOPERATIVA DE TRABALHO MÃDICO,SP,382326483.2,2135902.140782123,4560444.762101829,179
ASSOCIAÃÃO FCA SAÃDE,MG,382081802.82,6946941.869454545,15007862.638183173,55
ASSOCIACAO DOS PROFESSORES UNIVERSITÃRIOS DA BAHIA,BA,379590580.68,2897638.020458015,5795490.21432656,131
IRMANDADE DA SANTA CASA DE MISERICÃRDIA E MATERNIDADE DONA ZILDA SALVAGNI,SP,372255641.84,5030481.646486486,7075743.560196712,74
UNIMED TRÃS PONTAS - COOPERATIVA DE TRABALHO MÃDICO,MG,372038932.93,1261148.9251864408,3230558.505757149,295
PB ASSISTENCIA MEDICA EU LTDA,BA,365402883.57,3096634.6065254235,5113394.848184763,118
UNIX SAÃDE S.A,BA,364991315.45,2517181.485862069,4179090.360270357,145
UNIMED CALDAS NOVAS - COOPERATIVA DE TRABALHO MEDICO,GO,364559453.13,2036644.9895530725,4411592.301431804,179
"ASSOCIAÃÃO DOS SERVIDORES MUNICIPAIS, ESTADUAIS E FEDERAIS DO RIO DE JANEIRO",RJ,363979092.51,3831358.868526316,6617125.510218526,95
UNIODONTO BELÃM - COOPERATIVA DE ASSISTÃNCIA Ã SAÃDE ODONTOLÃGICA,PA,358329101.05,4593962.83397436,7217130.310704502,78
UNIMED REGIÃO DA FRONTEIRA - RS COOPERATIVA DE ASSISTÃNCIA Ã SAÃDE LTDA.,RS,357036092.93,1708306.664736842,4020217.3018513327,209
ASSOCIAÃÃO POLICIAL DE ASSISTÃNCIA A SAÃDE DA BAIXADA SANTISTA,SP,356986202.23,3465885.4585436895,6065635.836777654,103
ATÃVIA SERVIÃOS DE SAÃDE S/A,SP,356926470.09999996,3965849.667777777,6024829.903179484,90
ASSOCIAÃÃO DOS EMPREGADOS DA COMPANHIA ESTADUAL DE HABITAÃÃO E OBRAS PÃBLICAS - ASSEC,SE,355907384.08,6471043.346909091,7740853.146859826,55
UNIMED VALE DO CORUMBÃ COOPERATIVA DE TRABALHO MEDICO,GO,352954168.82,1847927.5854450262,4187167.0570977894,191
FILOSANITAS SAUDE LTDA,SP,351486197.73,3083212.260789474,5376888.486090858,114
TRINO - ALIANCA FILANTRÃPICA DE ASSISTÃNCIA E INTEGRAÃÃO PARA O DESENVOLVIMENTO DA SAUDE,ES,349500513.0,3678952.7684210525,6408400.083068845,95
UNIMED REGIONAL DE FLORIANO - COOPERATIVA DE TRABALHO MÃDICO,PI,344758696.92,2238692.8371428573,4247810.284132502,154
CAIXA DE ASSISTÃNCIA DOS EMPREGADOS DO BANESE,SE,344087627.3,3215772.2177570094,5835861.836295193,107
FEDERAÃÃO DAS COOP ODONTOLÃGICAS DO ESTADO DE SANTA CATARINA,SC,343785730.8,2864881.0900000003,5512317.206084419,120
UNIMED SUDOESTE PAULISTA COOPERATIVA DE TRABALHO MÃDICO,SP,343453846.17,1590064.1026388889,3531941.840841911,216
FUNDACAO CAPITAL PREVIDENCIA E SAUDE - CAPITAL PREV,ES,342449369.88,3030525.3971681413,6327586.728622962,113
SV SAUDE ADMINSTRADORES DE PLANO DE SAUDE LTDA,RJ,342085239.21999997,2827150.7373553715,5708530.386417138,121
ASSOCIAÃÃO DOS AUDITORES FISCAIS DA RECEITA ESTADUAL DO RIO DE JANEIRO,RJ,341875766.99,5259627.184461539,6321486.425560549,65
ASSOCIAÃÃO SANTA CASA CLÃNICAS DE BIRIGUI,SP,341569121.15,2530141.638148148,4632305.810949684,135
ALL CARE ADMINISTRADORA DE BENEFÃCIOS SÃO PAULO LTDA,SP,339883688.28,56647281.379999995,25774881.136167128,6
ADVANCE PLANOS DE SAÃDE LTDA,SP,335982557.44,4147932.8079012344,6851385.777668678,81
ASSOCIAÃÃO POLICIAL DE ASSISTÃNCIA Ã SAÃDE DE ARAÃATUBA (APAS),SP,328572122.73,3042334.4697222225,5597926.224303281,108
VIVENTERIS LTDA,PR,327918874.51,3903796.1251190477,5867754.734364745,84
UNIMED CACERES COOPERATIVA DE TRABALHO MÃDICO ,MT,325902867.3,1097316.0515151515,2748094.0477461168,297
UNIMED DO BRASIL - CONF. NACIONAL DAS COOPERATIVAS MÃDICAS,SP,324041609.7,54006934.949999996,1908677.780901428,6
PESSOAL SAÃDE PLANOS DE ASSISTÃNCIA MÃDICA LTDA,SP,322782087.06,4138231.8853846155,6106152.380339979,78
MAIS SAUDE S/A,ES,312316648.89,4592891.895441176,6880165.528679084,68
ASSOCIAÃÃO SAÃDE CONCEIÃÃO,SC,310092449.72,2422597.2634375,4870889.239786267,128
EVANGELICO SAUDE LTDA.,PR,308854428.62,1583868.8647179487,3803363.257291278,195
UNIMED NORTE/NORDESTE-FEDERAÃÃO INTERFEDERATIVA DAS SOCIEDADES COOPERATIVAS DE TRABALHO MÃDICO EM RECUPERAÃÃO JUDICIAL,PB,305827262.89,3729600.766951219,7275353.178572136,82
SANTA CASA DE MISERICORDIA HOSPITAL SÃO VICENTE,SP,302466799.06,2363021.86765625,5216477.770843024,128
UNIODONTO DE FORTALEZA COOPERATIVA DE TRABALHO ODONTOLOGICO LTDA,CE,295642272.45,3695528.4056249997,5880009.032064441,80
AME VVIDA PLANOS DE SAUDE INTEGRADO LTDA.,RO,294804943.73,3551866.791927711,5329954.934004997,83
UNIMED ALTO JACUÃ/RS - COOPERATIVA DE ASSISTÃNCIA Ã SAÃDE LTDA,RS,290233241.49,1021948.033415493,2098791.9289260046,284
SOCIEDADE PORTUGUESA DE BENEFICÃNCIA,RS,286000775.73,1754605.9860736197,3688741.05478696,163
UNIMED REGIÃO DA PRODUÃÃO/RS - COOPERATIVA DE ASSISTÃNCIA Ã SAÃDE LTDA,RS,284770183.95,1013417.024733096,2389039.651743945,281
NACIONAL ODONTO OPERADORA DE PLANOS ODONTOLÃGICOS LTDA.,PE,284594231.43,4517368.752857143,6541565.541922806,63
UNIMED DE JATAÃ COOPERATIVA DE TRABALHO MÃDICO LTDA.,GO,278908941.37,715151.1317179487,1881020.7183556145,390
UNIODONTO REGIONAL COOPERATIVA ODONTOLOGICA,MG,277477692.32,2434014.844912281,4777402.827040996,114
ASSOCIAÃÃO GOIANA DO MINISTÃRIO PÃBLICO,GO,274299875.69,2798978.323367347,4736644.795169793,98
COOPERATIVA DOS USUÃRIOS DE SERVIÃOS DE SAÃDE LTDA.,RS,273815796.32,2226144.6855284553,4332469.83949299,123
SANTA CASA DE MISERICÃRDIA E BENEFICÃNCIA PORTUGUESA,SP,267006198.79,2472279.6184259257,4404544.55080856,108
UNIDENTIS ASSISTENCIA ODONTOLOGICA LTDA.,PB,265559878.56,4215236.167619048,5475226.284836174,63
UNIMED DO OESTE DA BAHIA COOPERATIVA DE TRABALHO MÃDICO,BA,264354535.26,2131891.4133870965,3016080.413388819,124
SANTA CASA DE SAÃDE - SCS,ES,260342276.47,2456059.211981132,4218446.161465768,106
UNIODONTO/RN - COOPERATIVA ODONTOLOGICA DO RIO GRANDE DO NORTE,RN,257722824.77,3221535.309625,4772267.918891889,80
UNIODONTO PORTO ALEGRE COOPERATIVA ODONTOLOGICA LTDA,RS,257600491.24,2927278.3095454546,4779226.0063870875,88
ODONTO EMPRESAS CONVENIOS DENTARIOS LTDA.,SP,257463100.08,4516896.492631579,5610169.321814791,57
HOSPITAL DE PRONTOCLINICA LTDA.,RS,252023435.32,1800167.395142857,3694527.332566893,140
UNIODONTO DE SC COOPERATIVA ADMINISTRADORA DE CONTRATOS,SC,251763653.20000002,1785557.8241134754,3683823.812177369,141
UNIODONTO MACEIÃ COOPERATIVA ODONTOLÃGICA,AL,251326119.56,4188768.6593333334,5634026.602912437,60
CAIXA DE ASSISTÃNCIA DO SINDFISCO - CASSIND,SE,249748773.07,2210166.133362832,4592369.115708974,113
UNIODONTO PIRACICABA - COOPERATIVA ODONTOLÃGICA,SP,249458639.52,2625880.416,4112141.619742383,95
UNIMED MACHADO COOPERATIVA DE TRABALHO MEDICO,MG,249363968.98,1165252.191495327,2453607.5439832523,214
CARE PLUS ODONTOLOGIA ASSISTENCIAL LTDA.,SP,248245178.63,2820967.9389772727,3891917.0798917254,88
AURORA SAÃDE LTDA,MG,246443048.75,2240391.352272727,3977943.435343305,110
UNIODONTO GOIANIA COOPERATIVA DE CIRURGIÃES DENTISTAS,GO,246290062.72,1924141.115,4409549.721154598,128
FUNASA SAÃDE,PB,245911548.6,2387490.763106796,3770487.779116672,103
DESBAN - FUNDAÃÃO BDMG DE SEGURIDADE SOCIAL,MG,245060663.45,1541262.0342767294,3563870.684205298,159
UNIMED DE PENAPOLIS - COOPERATIVA DE TRABALHO MEDICO,SP,242154963.18,812600.5475838926,2103434.0708786524,298
UNIMED PATOS - COOPERATIVA DE TRABALHO MÃDICO,PB,239834554.65,1153050.7435096153,2487536.7466329555,208
ATITUDE SAÃDE ASSISTÃNCIA MEDICA LTDA,BA,238795909.49,2567697.9515053765,3950126.3824142264,93
UNIMED VALE DO CARANGOLA COOPERATIVA DE TRABALHO MEDICO LTDA,MG,229290203.33,1415371.6254938273,2644833.207427308,162
SUL DO PARÃ LTDA,PA,228522845.8,2657242.3930232557,4013780.5262871673,86
UNIMED SÃO JOÃO NEPOMUCENO COOPERATIVA DE TRABALHO MÃDICO LTDA.,MG,228088305.73,1303361.7470285713,2695361.189645634,175
UNIMED DE CORUMBA COOPERATIVA DE TRABALHO MÃDICO,MS,215854583.34,1277246.0552662723,2206969.5247199573,169
VIDA TOP MAIS SAÃDE OPERADORA DE PLANOS DE SAÃDE LTDA.,SP,215131650.41,1327973.1506790123,2957298.470268647,162
UNIMED PONTE NOVA COOPERATIVA DE TRABALHO MEDICO LTDA,MG,210315786.70000002,1143020.5798913045,2192510.336878571,184
ON MED ASSISTÃNCIA MÃDICA LTDA,RS,210131279.33,1667708.5661111113,3327431.886628912,126
COOPERATIVA DOS USUÃRIOS DE SERVIÃOS DE SAÃDE DO VALE DO RIO DOS SINOS LTDA,RS,206355828.22,2516534.4904878046,3933800.5650026095,82
RIO DOCE SAÃDE,ES,203759395.73,1520592.5054477612,3181167.049188661,134
ASSOCIAÃAO UNISAUDE MARAU,RS,200461303.64,1758432.4880701753,2944261.0763441063,114
ASSOCIACAO POLICIAL DE ASSISTENCIA A SAUDE DE PRESIDENTE PRUDENTE (APAS),SP,193929789.73,1657519.5703418802,3309126.832333705,117
SEMPRE ODONTO PLANOS ODONTOLOGICOS LTDA,RJ,193332415.07,2577765.5342666665,5025798.353173051,75
UNIMED MORRINHOS COOPERATIVA DE TRABALHO MEDICO,GO,190004150.21,1151540.3043030303,2403104.6415717094,165
R.M.I. OPERADORA DE SAÃDE INTEGRADA LTDA,SP,181884814.89,3368237.3127777777,5045995.054498063,54
ODONTOGROUP SISTEMA DE SAÃDE LTDA.,DF,177578954.49,3061706.1118965517,4293631.461983083,58
UNIODONTO DE JOÃO PESSOA COOPERATIVA ODONTOLÃGICA,PB,176575671.43,2942927.857166667,4119264.579016378,60
UNIMED REGIONAL DE PICOS - COOPERATIVA DE TRABALHO MÃDICO,PI,175672647.65,2509609.2521428573,3546565.789134455,70
TOTAL ASSISTÃNCIA MÃDICA HOSPITALAR LTDA,MG,175157796.02,2304707.842368421,2988595.5577458832,76
HOSPITAL CESAR LEITE,MG,173570909.33,1388567.2746400002,2704886.5569500653,125
FUNDAÃÃO PLAMHUV - PLANO MÃDICO HOSPITALAR DOS HOSPITAIS UNIDOS DE VIÃOSA,MG,169525627.66,1015123.5189221557,2326608.718592358,167
ASSOCIAÃÃO POLICIAL DE ASSISTÃNCIA A SAÃDE,SP,169359449.10999998,1881771.6567777777,3172921.889404427,90
UNIODONTO PAULISTA-FEDERAÃÃO DAS COOPERATIVAS ODONTOLÃGICAS DO ESTADO DE SÃO PAULO,SP,169242949.32,2169781.4015384614,3197421.0102877463,78
UNIODONTO DO BRASIL CENTRAL NACIONAL DAS COOPERATIVAS ODONTÃLOGICAS,SP,168918124.82999998,1941587.6417241378,3155608.7967378404,87
PRIMA VIDA ODONTOLOGIA DE GRUPO LIMITADA,RJ,168320320.63,1957213.0305813954,3039187.243885284,86
OPLAN SAÃDE OPERADORA DE PLANO DE SAÃDE LTDA,RJ,167222719.07,1122300.127986577,2244908.348621997,149
UNIMED INTRAFEDERATIVA FEDERAÃÃO REGIONAL SUL DE MINAS,MG,165478537.39999998,1451566.1175438594,4861003.306236507,114
ODONTO SEG OPERADORA DE PLANOS ODONTOLOGICOS S.A.,SP,164639985.01,3919999.6430952377,7776547.789660673,42
UNIMED SOUSA - COOPERATIVA DE TRABALHO MÃDICO,PB,163011263.29,1314606.962016129,2225311.561384959,124
MEDGOLD ASSISTENCIA MEDICA LTDA - ME,MG,160510870.17,1022362.2303821655,1897802.0391862793,157
UNIMED CAMPO BELO- COOPERATIVA DE TRABALHO MÃDICO,MG,158448770.28,569959.605323741,1244077.1736014702,278
SEPACO SAÃDE LTDA,SP,155550687.73,1767621.4514772727,2603355.396329504,88
CONFIANÃA ASSISTÃNCIA MÃDICO HOSPITALAR LTDA,MG,154691947.32,1628336.2875789474,2237509.696224887,95
ASSOCIAÃÃO BENEFICENTE CATÃLICA,MG,154395706.9,930094.619879518,1550318.851222075,166
CAIXA ASSISTENCIAL UNIVERSITARIA DO RIO DE JANEIRO,RJ,148123947.46,1266016.6449572651,2558165.2462313324,117
PORTOMED - PORTO SEGURO SERVIÃOS DE SAUDE LTDA,SP,147663025.17,1135869.4243846154,2110203.255095042,130
ASSOCIAÃÃO DOS FUNCIONÃRIOS FISCAIS DO ESTADO DO AMAZONAS - AFFEAM,AM,146545785.68,1646581.8615730337,2803352.059490678,89
ASSOCIAÃÃO DO FISCO DE ALAGOAS,AL,145613759.85,2050898.0260563379,4459271.420695232,71
PLANO ASSISTENCIAL SÃO LUCAS LTDA,MG,143896297.53,985591.0789726027,2044925.3948896043,146
UNIODONTO DE MANAUS - COOPERATIVA ODONTOLÃGICA LTDA.,AM,143888783.47,1468252.8925510205,2596697.616545945,98
SERVDONTO - PLANO DE ASSISTÃNCIA ODONTOLÃGICA LTDA,SE,143777567.44,2282183.6101587303,3233805.237512493,63
UNIMED DE BATATAIS - COOPERATIVA DE TRABALHO MÃDICO,SP,143611100.36,897569.3772500001,1805487.738201991,160
ORALE ASSISTÃNCIA ODONTOLÃGICA LTDA,BA,141956912.3,2183952.496923077,2772088.1440101555,65
SISTEMA TOTAL DE SAÃDE LTDA.,SP,141838782.79,1289443.4799090908,2378656.5533477645,110
"CAIXA DE ASSISTÃNCIA Ã SAÃDE DOS TRABALHADORES NAS INDÃSTRIAS METALÃRGICAS, MECÃNICAS E DO MATERIAL ELÃTRICO DE BRUSQUE",SC,141831383.04,1611720.2618181817,2665935.5566271944,88
ANGELI SISTEMAS DE SAUDE S.A.,PR,141146534.4,1216780.4689655174,2206114.8405498154,116
ASSOCIACAO DE SAUDE HOLAMBRA,SP,140326747.37,2338779.1228333334,3337419.2452998613,60
SOCIEDADE DE ASSISTÃNCIA MÃDICA - SAMEISA,RS,138452102.09,1472894.7030851063,2481262.2253503567,94
AME-ASSISTÃNCIA MÃDICA A EMPRESAS LTDA,MG,136607020.11,1128983.6372727274,1964427.5950923858,121
HOSPITAL S.P. LTDA.,RS,131016625.03,1023567.383046875,1992936.4160950677,128
PRONTO SOCORRO CONDE DE MOREIRA LIMA,SP,130071328.65,756228.6549418605,1563348.4892303203,172
MEDIC GLOBAL PLANOS DE SAÃDE LTDA.,MG,128958192.07,999675.9075193797,1767117.1231599294,129
ASSOCIAÃÃO POLICIAL DE ASSISTENCIA Ã SAUDE DE SAO JOAO DA BOA VISTA,SP,124499467.73,1368126.019010989,2404963.55434219,91
UNIODONTO DE AMERICANA COOPERATIVA ODONTOLÃGICA,SP,122797269.52,1227972.6952,2100803.941888988,100
SANTA CASA DE MISERICÃRDIA DE TUPÃ,SP,122772325.15,1334481.7951086957,2137860.980722025,92
AFFIX ADMINISTRADORA DE BENEFÃCIOS LTDA,SP,122320944.82,10193412.068333333,9446231.205574695,12
PLAMESC PLANOS DE SAÃDE LTDA,RJ,119135510.57000001,1103106.579351852,1944371.4607792092,108
ODONTOART PLANOS ODONTOLÃGICOS LTDA,CE,118724360.94000001,2283160.7873076927,3880421.8204326495,52
VOCÃ TOTAL PLANOS DE SAÃDE LIMITADA,SP,116050826.29,1261422.0248913043,2130313.777064091,92
COMSEDER - COOPERATIVA DE ASSISTÃNCIA MÃDICA DOS SERVIDORES DA SUPLAN E DO DER LTDA,PB,113836148.36,1603326.0332394366,2105386.716096264,71
AESP ODONTO ASSISTÃNCIA ODONTOLÃGICA S/S LTDA EPP,SP,113290617.03,1987554.684736842,3273279.684064135,57
ASSOCIACAO POLICIAL DE ASSISTENCIA A SAUDE DE ITAPETININGA,SP,112728489.41,782836.7320138889,1648547.8908084356,144
UNIODONTO UBERABA - COOPERATIVA DE ASSISTÃNCIA Ã SAÃDE ODONTOLÃGICA LTDA,MG,108750623.11,1310248.4712048192,2107715.248099803,83
S1 OPERADORA DE PLANO DE SAÃDE LTDA,DF,107936501.37,1284958.3496428572,2068074.51956214,84
ASSOCIAÃÃO UNIVIDA SANTA RITA DO PASSA QUATRO,SP,106195078.02,742622.9232167832,1582693.8241650022,143
ASSOCIACAO CIVIL PRÃ-SAÃDE DOS SERVIDORES DA UNIVERSIDADE ESTADUAL DE PONTA GROSSA,PR,105156591.8,1593281.6939393939,2231572.982414471,66
DONA SAÃDE CLINICAS LTDA ,SP,103956362.05,1237575.7386904762,1641154.293075792,84
CEDPLAN SAÃDE LTDA EPP,MG,103173764.25,845686.5922131147,1523693.044049811,122
TELOS - FUNDAÃÃO EMBRATEL DE SEGURIDADE SOCIAL,RJ,96018182.46000001,2667171.7350000003,2655241.3164427597,36
NOSAMED ASSISTÃNCIA MÃDICA LTDA.,SP,94903128.37,825244.5945217392,1598130.5118656463,115
DENTALPAR ASSISTÃNCIA ODONTOLÃGICA EMPRESARIAL LTDA.,SP,93023969.34,1291999.5741666667,2000382.3300838054,72
UNIODONTO DO SUL GOIANO COOPERATIVA ODONTOLOGICA,GO,90602313.71,1313077.010289855,1718482.2745831276,69
UNIODONTO DE SOROCABA COOPERATIVA ODONTOLÃGICA,SP,90356816.28,1309519.0765217391,1987965.172313698,69
PLENUM ASSISTENCIA MEDICA  LTDA,DF,90162477.83,2254061.94575,2466315.0250587473,40
PERSONAL CARE OPERADORA DE SAÃDE SA,SP,88278626.01,1177048.3468000002,1999591.663789006,75
FUNDO DE ASSISTÃNCIA MÃDICO-HOSPITALAR DO MINISTÃRIO PÃBLICO,MS,86303404.84,1106453.9082051283,1584343.043041922,78
CAIXA BENEFICENTE DOS FUNCIONÃRIOS DO GRUPO IGUAÃU,PR,86230890.3,937292.2858695652,1496912.4550358492,92
CARING SAÃDE ASSISTÃNCIA MÃDICA LTDA.,RJ,86212974.03,1512508.3163157895,1834343.22795322,57
UNIODONTO DE ARARAQUARA COOPERATIVA ODONTOLÃGICA,SP,85868174.68,1010213.819764706,1640201.7981243252,85
ASSOCIAÃÃO POLICIAL DE ASSISTÃNCIA Ã SAÃDE DE BARRETOS,SP,84651891.58,1282604.417878788,1787374.973825957,66
UNIODONTO VALE HISTORICO COOPERATIVA ODONTOLOGICA,SP,84217990.37,1220550.5850724638,1589613.527125894,69
UNIMED CAJAZEIRAS - SOCIEDADE COOPERATIVA DE TRABALHO MÃDICO,PB,84101430.01,885278.210631579,1892873.3742065462,95
UNIODONTO DE JUNDIAÃ COOPERATIVA ODONTOLÃGICA,SP,83563981.78,908304.1497826087,1447772.8750149775,92
UNIMED VALE DO URUCUIA - COOPERATIVA DE TRABALHO MEDICO LTDA,MG,82412139.55,1070287.5266233766,3314319.2105647735,77
CAMIM OPERADORA DE PLANO DE SAÃDE LTDA,RJ,78053286.95,1530456.6068627452,1331719.6751596476,51
PLANO VIDA SAUDE SERVIÃOS ODONTOLOGICOS LTDA,SE,75989846.45,1206188.038888889,1636218.0884394362,63
DENTAL CENTER LTDA,PB,75504674.6,1198486.8984126984,1692767.316651659,63
CEAM BRASIL - PLANOS DE SAÃDE LTDA,MG,74903981.28,1971157.4021052632,2694959.945863737,38
SD-M OPERADORA DE PLANOS DE SAUDE LTDA,RJ,74885218.55,1227626.5336065574,1560208.2696815778,61
SAMIG - SERV. DE ASSISTENCIA MEDICA DA ILHA DO GOVERNADOR LTDA,RJ,74470987.9,783905.1357894738,976658.8270210493,95
COOPERATIVA ODONTOLÃGICA POÃOS DE CALDAS,MG,73548569.73,855215.9270930233,1466503.9752825585,86
UNIODONTO ESPIRITO SANTO COOPERATIVA ODONTOLOGICA,ES,72991519.9,935788.7166666668,1387499.4488072167,78
ODONT-OPERADORA ODONTOLOGICA LTDA,SP,72972770.49,923705.9555696201,1518693.0199942735,79
UNIODONTO MARINGA COOPERATIVA ODONTOLOGICA,PR,72149873.8,1265787.2596491228,1621003.4884464352,57
ASSOCIAÃÃO POLICIAL DE ASSISTÃNCIA Ã SAÃDE DE PRESIDENTE VENCESLAU,SP,71632508.06,1023321.5437142857,1427596.731931979,70
PLANO DE ASSISTÃNCIA MÃDICA MINEIRA LTDA,MG,71531594.63,715315.9463,1109493.7226943136,100
VALE PLANOS DE SAÃDE LTDA,PE,69913499.61,1092398.43140625,1411363.5159060657,64
XP ADMINISTRADORA DE BENEFÃCIOS LTDA.,SP,69832718.56,11638786.426666668,5172227.265486077,6
ASSOCIAÃÃO POLICIAL DE ASSISTÃNCIA Ã SAÃDE DE DRACENA,SP,69831002.97,895269.2688461539,1093193.1146089789,78
ASSOCIAÃÃO DOS SERVIDORES PÃBLICOS DA ADMINISTRAÃÃO DIRETA DO GOVERNO DO ESTADO DO PARÃ - ASPARÃ,PA,69446328.47,1006468.5285507246,1530711.9898500524,69
ASSOCIAÃÃO HOSPITAL SAÃDE DE VARGEM GRANDE DO SUL,SP,68324435.68,948950.4955555557,1337539.9244156494,72
ASSOCIAÃÃO SAÃDE RURAL ALEGRETE,RS,66778034.26,674525.5985858586,1325159.845725819,99
PD BRASIL ASSISTENCIA ODONTOLOGICA LTDA,MG,66668889.38,1041701.3965625,1295279.7921268868,64
RODRIGUES LEIRA ODONTOLOGIA LTDA.,SP,65020772.21,1000319.5724615385,1570443.659630911,65
G2C ADMINISTRADORA DE BENEFICIOS LTDA - ME,RJ,63801819.1,10633636.516666668,5160035.604041827,6
UNIODONTO DE PRESIDENTE PRUDENTE COOPERATIVA ODONTOLOGICA,SP,63418546.1,603986.1533333333,1136903.8219098735,105
PRESERVE SAUDE ASSISTENCIA MEDICA LTDA,BA,62904740.24,378944.218313253,889135.3463005736,166
ASSOCIAÃÃO POLICIAL DE ASSISTÃNCIA Ã SAÃDE - VALE DO RIBEIRA,SP,62601875.12,467178.1725373134,852255.69111631,134
UNIODONTO DE LONDRINA COOP. ODONTOLÃGICA,PR,61855361.36,637684.1377319588,1095870.9021933342,97
VALEM ADMINISTRADORA DE BENEFÃCIOS LTDA,MG,61324963.78,3406942.4322222224,4255870.23048677,18
HSMED SAUDE LTDA,RJ,60038338.31,513148.1906837607,965914.2221099769,117
COOPERATIVA ODONTOLÃGICA DO ESTADO DO AMAPÃ,AP,59972872.51,1110608.750185185,1475075.5657945361,54
ASSOCIAÃÃO POLICIAL DE ASSISTÃNCIA Ã SAÃDE DE JAÃ,SP,59909965.2,495123.679338843,920080.7347415971,121
UNIODONTO JACAREÃ COOPERATIVA ODONTOLÃGICA,SP,59575364.79,584072.2038235294,939781.8703902921,102
DENTAL PLUS CONVÃNIO ODONTOLÃGICO LTDA.,SP,59548524.31,945214.6715873017,1320849.324219402,63
SANTA CASA DE MISERICÃRDIA E ASILO DOS POBRES DE BATATAIS,SP,59437013.15,401601.4402027027,766560.8936155759,148
CAIXA DE ASSISTÃNCIA DOS EMPREGADOS DO SETOR PÃBLICO DO ESTADO DE GOIÃS - CAEME,GO,58368494.1,670902.2310344828,1111043.8404960027,87
MEDIATORIE ADMINISTRADORA DE BENEFÃCIOS S/A,ES,58259370.14,9709895.023333333,4371943.456488681,6
ASSOCIAÃÃO POLICIAL DE ASSISTÃNCIA Ã SAÃDE APAS,SP,57840730.73,781631.4963513513,1087909.2184739888,74
ASSOCIACAO DOS SERVIDORES DA EMDAGRO - ASSEM,SE,57055295.95,760737.2793333334,1071030.1900069686,75
DENTAL MASTER LTDA - EPP,AL,56840436.76,1578901.0211111112,1625567.4135953109,36
BENEFICENCIA SOCIAL BOM SAMARITANO,MG,56800510.730000004,430306.899469697,799171.245781265,132
ASSOCIAÃÃO POLICIAL DE ASSISTENCIA A SAUDE DE BOTUCATU,SP,55877409.66,765443.9679452054,1144238.857889895,73
MH VIDA - OPERADORA DE PLANOS DE SAÃDE LTDA,RJ,54721239.97,467702.9057264957,907651.7744414402,117
UNIODONTO RS FEDERACAO DAS UNIODONTOS DO RGS LTDA,RS,53830717.77,699100.2307792208,989448.9112780143,77
QUALICORP ADMINISTRADORA DE BENEFÃCIOS S.A.,SP,53278711.43,4843519.220909091,4668271.004951339,11
DENTAL GOLD ASSISTÃNCIA ODONTOLÃGICA LTDA.,PB,52152285.18,1158939.6706666667,1358284.4091829872,45
ODONTOLIVE OPERADORA DE PLANOS ODONTOLÃGICOS LTDA.,SP,50712552.92,768372.0139393939,1261632.2258150387,66
ÃNIX OPERADORA DE PLANOS DE SAÃDE LTDA,RJ,50049882.21,603010.6290361446,797432.5429502734,83
BENEVIX ADMINISTRADORA DE BENEFÃCIOS LTDA,ES,49933516.0,4161126.3333333335,5484486.561471037,12
CORPORE ADMINISTRADORA DE BENEFICIOS DA SAUDE LTDA,SP,45031688.1,7505281.350000001,3357282.5429543443,6
PORTO DIAS SAUDE LTDA.,PA,44512977.2,645115.6115942029,871653.1847638537,69
SALUSMED OPERADORA DE PLANOS DE SAUDE LTDA,SP,43723483.37,741075.9893220338,894598.3809747468,59
UNIODONTO DE SERTAOZINHO SP COOPERATIVA ODONTOLOGICA,SP,43378482.68,803305.2348148148,1068694.2955309446,54
UNIMED FEDERAÃAO DO ESTADO DO MATO GROSSO,MT,43115027.76,1596852.88,4384988.1682467,27
UNIODONTO DE PINDAMONHANGABA COOP ODONTOLOGICA,SP,42925350.86,456652.66872340423,671369.8993253435,94
UNIMED VALE DO PARAÃBA - FEDERAÃÃO INTRAFEDERATIVA DAS COOPERATIVAS MÃDICAS,SP,41955842.96,1075790.8451282051,1866006.8849679544,39
COOPERATIVA DE TRABALHO ODONTOLOGICO - UNIODONTO ITAJUBÃ,MG,41767322.76,605323.5182608695,857048.7020982798,69
PLANO DE ASSISTÃNCIA ODONTOLÃGICA FAUCHARD LTDA. ME,BA,41104297.08,1053956.3353846152,1200569.023191571,39
YOU ASSISTÃNCIA MÃDICA LTDA.,MG,40448301.93,1838559.1786363637,1763692.8372485687,22
QUALIDONTO - QUALIDADE EM ODONTOLOGIA LTDA ,BA,39622301.64,1015956.4523076924,1115276.91896537,39
"ASSOC DE ASSIST Ã SAÃDE DOS SERV DAS UNIV E INST FED, EST E/OU FAC PART EM PE",PE,39347240.74,634632.9151612903,734491.3622902463,62
CAIXA SEGURADORA ESPECIALIZADA EM SAÃDE S/A,SP,39294093.81,613970.21578125,1169123.1785748703,64
ASSOCIAÃÃO PADRE PIO PLANOS DE SAÃDE,SP,38459353.07,493068.6291025641,786328.9550673234,78
ASSOCIAÃÃO SERVIÃOS ODONTOLÃGICOS DA INDÃSTRIA DE MINAS GERAIS - ODONTOINDUSTRIA,MG,38263644.13,1062879.003611111,848799.7425284018,36
UP HEALTH ADMINISTRADORA DE BENEFÃCIOS S/A,ES,37575946.68,6262657.78,2792318.4434603765,6
PLATINUM ADMINISTRADORA DE BENEFICIOS,DF,37049168.12,4116574.235555555,3914945.6010782183,9
BIORAL SISTEMA ODONTOLÃGICO LTDA.,SP,34298303.96,816626.2847619047,1954972.3317354906,42
CENTRO DE ENDOCRINOLOGIA DE JUNDIAÃ S/S LTDA,SP,33023260.38,500352.43,657926.2296962403,66
PREVENT SENIOR CORPORATE OPERADORA DE SAÃDE LTDA.,SP,32925719.93,548761.9988333334,656096.4191758435,60
MEDHEALTH PLANOS DE SAÃDE LTDA,PR,31520264.61,384393.4708536585,782953.558193801,82
FUNDO DE ASSISTÃNCIA Ã SAÃDE DOS FUNCIONÃRIOS DO BEC,CE,30227219.279999997,265151.04631578946,917175.2745378948,114
UNIODONTO DE MATO GROSSO COOP TRAB ODONTOLOGICO LTDA,MT,30124775.42,430353.9345714286,678546.0824279978,70
ASSOCIAÃÃO DOS FISCAIS DE TRIBUTOS ESTADUAIS DO RS - AFISVEC,RS,29046334.43,476169.4168852459,617392.6921668778,61
HEALTH-MED SISTEMA DE SAUDE LTDA,RJ,28807354.34,320081.7148888889,508253.9547030648,90
SANTA CASA DA MISERICÃRDIA DE SÃO JOÃO DEL REI,MG,28804380.71,320048.67455555557,471484.3722758186,90
BLUZZ SAÃDE S/A,ES,28788505.27,330902.35942528734,569478.1347119155,87
PLURAL GESTÃO EM PLANOS DE SAÃDE LTDA,RJ,27730320.599999998,3081146.733333333,2677628.9309416185,9
LANCERS ADMINISTRADORA DE BENEFÃCIOS DE SAÃDE LTDA.,SP,27018265.700000003,4503044.283333334,2066402.2974568503,6
CROWN ODONTOLOGIA DE GRUPO LTDA,SP,22688754.92,371946.80196721316,548639.2462184811,61
SORRIDEN CONVÃNIOS ODONTOLÃGICOS S.A.,SP,22282368.32,518194.61209302326,764717.232934811,43
SAME-SERVIÃO DE ASSISTÃNCIA MÃDICA EMPRESARIAL LTDA.,MA,22261104.63,377306.8581355932,520079.56466534914,59
ODILE SERVIÃOS DE SAÃDE LTDA.,SP,21793928.98,573524.4468421052,607415.3676147917,38
INNOVA PLANO DE SAUDE LTDA,RO,20460011.73,499024.6763414634,721724.5472033962,41
ALLCARE ADMINISTRADORA DE BENEFÃCIOS EM SAÃDE LTDA.,DF,20015299.18,3335883.196666667,1479822.9159190678,6
ALMA ODONTO OPERADORA DE PLANOS ODONTOLOGICOS LTDA,SP,19350815.31,460733.69785714283,486323.541563819,42
INFINITY SAÃDE SUPLEMENTAR LTDA,MT,19163785.31,236589.9420987654,389624.29836636735,81
HOSPITAL DE CARIDADE SÃO VICENTE DE PAULO,PR,18946365.14,473659.1285,237059.44748924533,40
SERVIX ADMINISTRADORA DE BENEFÃCIOS LTDA,DF,16471317.870000001,1830146.4300000002,708155.9396630374,9
SMART CARE SISTEMAS MÃDICOS E ODONTOLÃGICOS LTDA.,SP,16204978.67,578749.2382142857,673978.591593085,28
SISTEMA PREVSAUDE DENTAL LTDA,CE,15644477.47,355556.30613636365,391147.75350053865,44
NOVODENTE S/A,RS,15433835.16,643076.465,781217.0909242431,24
CASA DE SAÃDE NOSSA SENHORA DE FÃTIMA  LTDA.,CE,14811275.44,329139.4542222222,358565.74170603394,45
UNIVIDA USA OPERADORA EM SAUDE S/A,SP,14163493.93,674452.0919047619,645108.1561878062,21
QV BENEFÃCIOS EM SAÃDE LTDA,RJ,13836037.64,2306006.2733333334,1033868.3994515861,6
BRASIL ODONTO OPERADORA DE PLANOS ODONTOLÃGICOS LTDA,TO,12898699.76,330735.8912820513,396375.5935405013,39
PLAMEDH - PLANO DE ASSISTÃNCIA MÃDICO-HOSPITALAR LTDA,MG,12348637.84,237473.8046153846,222422.7431198427,52
PLANO SIGMA SAÃDE LTDA,SP,11350807.47,454032.29880000005,443609.8042886796,25
ODONTO PRIME S/S LTDA,CE,10695532.28,356517.7426666666,430680.14858771645,30
VIDAMAX ADMINISTRADORA DE BENEFÃCIOS LTDA,SP,10682557.82,1780426.3033333335,790377.6607351704,6
UNIMED ALTO PARANAIBA COOPERATIVA DE TRABALHO MEDICO,MG,10323997.54,121458.79458823528,153235.2960474816,85
BEMSTAR ASSISTENCIA MEDICA LTDA,BA,8989022.5,112362.78125,171543.39358204158,80
G & M ASSESSORIA MEDICA EMPRESARIAL LTDA,RJ,8930879.63,110257.77320987656,178879.23846702214,81
POLIMÃDICA SAÃDE SOCIEDADE SIMPLES LTDA,RS,8409350.89,105116.886125,141798.2051569696,80
SAUDIA ASSISTENCIA MÃDICA LTDA,MG,8180017.0600000005,98554.42240963856,292329.0158892943,83
INTERCLINICAS PLANO VIDA USA OPERADORA DE SAUDE LTDA,SP,7983658.350000001,257537.36612903228,468990.4213337506,31
EXCELÃNCIA PLANO DE SAÃDE S/A,ES,7670582.54,102274.43386666667,196626.8582189984,75
QUALI ADMINISTRADORA DE BENEFÃCIOS S/A,ES,7630254.9,2543418.3000000003,1559076.402880949,3
ASSISTÃNCIA MÃDICA 12 DE OUTUBRO LTDA,SP,6673786.5,158899.67857142858,205074.73401213225,42
LIVRI OPERADORA DE PLANO DE SAÃDE LTDA,SP,6137064.3100000005,170474.00861111112,305893.41457038955,36
UNICONSULT - ADMINISTRADORA DE BENEFICIOS E SERVICOS LTDA,SP,5884643.26,980773.8766666666,536116.7905131741,6
IBBCA 2008 GESTÃO EM SAÃDE LTDA,RJ,3793672.24,421519.1377777778,252515.63967487603,9
EVO SAUDE ASSISTENCIA MEDICA LTDA,DF,3279399.81,78080.94785714286,213816.37983684914,42
MUITO MAIS SAÃDE ADMINISTRADORA DE BENEFÃCIOS,RJ,3273788.96,545631.4933333333,111838.1895242409,6
A.P.S. ADMINISTRADORA DE BENEFÃCOS LTDA.,SP,3092790.06,515465.01,219729.75977220802,6
CLÃNICA SÃO GABRIEL S/S LTDA,SP,2808692.0,43885.8125,72004.9594195972,64
SALVE SAÃDE ADMINISTRADORA DE BENEFÃCIOS LTDA,RJ,2370896.0,395149.3333333333,155326.092163122,6
SAGRADA SAÃDE ASSISTÃNCIA MÃDICA LTDA,MG,2207958.25,43293.299019607846,115622.52263765785,51
CASE - CENTRAL DE ADMINISTRAÃÃO DE PLANO DE SAÃDE LTDA,RJ,2173274.01,1086637.005,31564.164838792163,2
LIFE CLASS ADMINISTRADORA DE BENEFICIOS LTDA.,SP,1556766.14,259461.02333333332,135333.5738961475,6
UNICOR ADMINISTRADORA DE BENEFICIOS LTDA,MG,1085463.6400000001,72364.24266666667,96049.00013917066,15
VCT PLANOS DE SAUDE LTDA,MG,916008.21,229002.0525,240186.07014822535,4
AIRES OPERADORA DE SAUDE LTDA,PE,771934.6200000001,385967.31000000006,277185.85822512663,2
SOCIODONTO PLANO DE ASSISTÃNCIA ODONTOLÃGICA LTDA,MG,705345.96,32061.179999999997,53124.67477658246,22
CENTRAL OPERADORA DE PLANOS DE SAÃDE NORTE-NORDESTE LTDA,PB,546631.64,34164.4775,129024.43942730577,16
LEXUS ADMINISTRADORA DE BENEFICIOS LTDA,SP,528946.34,44078.861666666664,58333.51744704658,12
ESPLENDOR ADMINISTRADORA DE BENEFÃCIOS LTDA.,DF,479493.83999999997,79915.64,35799.395981352536,6
UNIMED PARAIBA - FEDERAÃAO DAS SOCIEDADES COOPERATIVAS DE TRABALHO MEDICO,PB,454014.37,6879.005606060606,10936.748401615272,66
UP SOLUÃÃES EM SAÃDE LTDA ,SP,332612.72,166306.36,0.0,2
SAUDE SALV ASSISTENCIA MEDICA LTDA,RO,320142.57,20008.910625,18448.965327804686,16
SALUPLAN ADMINISTRADORA DE BENEFÃCIOS LTDA,SP,195504.46,32584.076666666664,17416.728242561134,6
BENEFIT ADMINISTRADORA DE BENEFÃCIOS LTDA.,SP,90000.0,15000.0,6708.203932499369,6
INTERVIDA ADMINISTRADORA DE BENEFÃCIOS LTDA,SP,74000.0,12333.333333333334,5591.660457025861,6
NEXO - ADMINISTRADORA DE BENEFICIOS LTDA,SP,60000.0,10000.0,0.0,6
HOSPITAL MATERNIDADE SÃO VICENTE DE PAULO,CE,54862.33,54862.33,,1
VITTA SAUDE ADMINISTRADORA DE BENEFICIOS LTDA.,SP,53132.41,26566.205,3121.8835100064166,2
ARL ADMINISTRADORA DE BENEFÃCIOS LTDA.,SP,34080.0,2840.0,0.0,12
SAUDE VIVA ADMINISTRADORA DE BENEFICIOS LTDA,SP,30376.66,10125.553333333333,4087.662999873318,3
GESTAO VIDA ADMINISTRADORA DE BENEFICIOS LTDA.,SP,516.0,258.0,0.0,2
MAXIMED PLANOS DE SAUDE LTDA,RJ,3.0,1.0,0.0,3
